author;comment;type;voteCount;replyCount;publishedTimeText;hasCreatorHeart;authorIsChannelOwner;title;pageUrl;video_description;topic;sentiment;kol
@redindian730;syg kucing sebenarnya mnyakitkn..indah bahgia masa kucing sihat bermain wlaupon kita bkn org kaya tpi usaha buat kucing ckup mkan dan sihat..tpi dikala dia jtuh sakit dan mati ..itu sngt mnyakitkan..aku pernah rasa dan hadapi saat ibu dan ayahku mninggal..sngt sedih..tpi bila kucing yg skit dn mati atau hilang ,itu sma mcm mak ayh aku mninggal rasanya...aq dh bnyk kli bsumpah tidak mau  plihara  kucing lgi lepas kucing aq mati dn hilang ..tpi ada saja kucing yg mmbuatkan aku kasian dn datang kt aku..;comment;0;0;3 months ago;FALSE;FALSE;Sungguh Terharu! Kebaikan Seekor Kucing Melebihi Kebaikan Manusia | Ustadz Abdul Somad;https://www.youtube.com/watch?v=tDfV4Ahtgak;Pemilik kucing berbagi kesedihan kehilangan kucing yang diibaratkan seperti kehilangan orang tua;Pengalaman Kehilangan Kucing;negatif;Ustadz Abdul Somad
@banitrapamungkas;ceramah.yang.bagus.untuk.di.contoh.oleh.manusia.yang.pelit??;comment;0;0;3 months ago;FALSE;FALSE;Sungguh Terharu! Kebaikan Seekor Kucing Melebihi Kebaikan Manusia | Ustadz Abdul Somad;https://www.youtube.com/watch?v=tDfV4Ahtgak;Pujian terhadap ceramah yang bagus sebagai contoh bagi manusia yang pelit;Pujian Ceramah;positif;Ustadz Abdul Somad
@IyanYani-g2g;?;comment;0;0;6 months ago;FALSE;FALSE;Sungguh Terharu! Kebaikan Seekor Kucing Melebihi Kebaikan Manusia | Ustadz Abdul Somad;https://www.youtube.com/watch?v=tDfV4Ahtgak;Ekspresi cinta singkat dengan emoji hati;Ekspresi Emosi;positif;Ustadz Abdul Somad
@notoxic1890;yang tau judul musik nya tolong kasih tau;comment;0;0;10 months ago;FALSE;FALSE;Sungguh Terharu! Kebaikan Seekor Kucing Melebihi Kebaikan Manusia | Ustadz Abdul Somad;https://www.youtube.com/watch?v=tDfV4Ahtgak;Penonton bertanya judul musik yang digunakan dalam video;Pertanyaan Konten;netral;Ustadz Abdul Somad
@HeriKurniawan-xg7hl;Q suka banget sm kucing, sayang sekali..;comment;0;0;10 months ago;FALSE;FALSE;Sungguh Terharu! Kebaikan Seekor Kucing Melebihi Kebaikan Manusia | Ustadz Abdul Somad;https://www.youtube.com/watch?v=tDfV4Ahtgak;Penonton mengungkapkan rasa sayangnya terhadap kucing;Rasa Sayang Kucing;positif;Ustadz Abdul Somad
@pangerannasution5016;Smg Ust Bassalamah melihat vidio ini..... Bgt istimewa nya dan mulia nya kucing.... Tks ust Abd Somad;comment;0;0;11 months ago;FALSE;FALSE;Sungguh Terharu! Kebaikan Seekor Kucing Melebihi Kebaikan Manusia | Ustadz Abdul Somad;https://www.youtube.com/watch?v=tDfV4Ahtgak;Harapan agar Ustadz Bassalamah menonton video tentang kemuliaan kucing;Pujian Kucing;positif;Ustadz Abdul Somad
@SugengPrasetiyo-x8t;Hadir sya drih Jawa sya jg suka kucing ??;comment;0;0;1 year ago;FALSE;FALSE;Sungguh Terharu! Kebaikan Seekor Kucing Melebihi Kebaikan Manusia | Ustadz Abdul Somad;https://www.youtube.com/watch?v=tDfV4Ahtgak;Penonton dari Jawa hadir dan mengungkapkan kesukaan terhadap kucing;Kehadiran & Rasa Sayang Kucing;positif;Ustadz Abdul Somad
@Ruliansyeh;Masya ALLOH;comment;0;0;1 year ago;FALSE;FALSE;Sungguh Terharu! Kebaikan Seekor Kucing Melebihi Kebaikan Manusia | Ustadz Abdul Somad;https://www.youtube.com/watch?v=tDfV4Ahtgak;Ekspresi kekaguman dengan ucapan Masya Allah;Ekspresi Religius;positif;Ustadz Abdul Somad
@ashaslina5274;Ya Allah. La hawla wala quwwata illa billah ??????????;comment;0;0;1 year ago;FALSE;FALSE;Sungguh Terharu! Kebaikan Seekor Kucing Melebihi Kebaikan Manusia | Ustadz Abdul Somad;https://www.youtube.com/watch?v=tDfV4Ahtgak;Ekspresi kesedihan dan kekhawatiran mendalam dengan ucapan religius;Ekspresi Emosi Religius;negatif;Ustadz Abdul Somad
@CsvdvhdDshrxhr-o7f;Asalamu Alaikum pausdasd saya penyangkucing kenapa nggak masuk surga saya kasih makan setiaphari dan merawatnya juga setiaphari apabener kucing mati tidak masuk surga salam darisaya ditunggubalasanya dari paiustad;comment;0;0;1 year ago;FALSE;FALSE;Sungguh Terharu! Kebaikan Seekor Kucing Melebihi Kebaikan Manusia | Ustadz Abdul Somad;https://www.youtube.com/watch?v=tDfV4Ahtgak;Pertanyaan kepada ustadz tentang apakah kucing yang dirawat bisa masuk surga;Pertanyaan Agama;netral;Ustadz Abdul Somad
@SarinSunggono;Waalaikumsalam ustadz Terimakasih;comment;0;0;1 year ago;FALSE;FALSE;Sungguh Terharu! Kebaikan Seekor Kucing Melebihi Kebaikan Manusia | Ustadz Abdul Somad;https://www.youtube.com/watch?v=tDfV4Ahtgak;Balasan singkat mengucapkan terima kasih atas salam;Balasan Salam;positif;Ustadz Abdul Somad
@SarinSunggono;MasyaAlloh Assalamualaikum ustadz Semogak Sehat walafiat;comment;0;0;1 year ago;FALSE;FALSE;Sungguh Terharu! Kebaikan Seekor Kucing Melebihi Kebaikan Manusia | Ustadz Abdul Somad;https://www.youtube.com/watch?v=tDfV4Ahtgak;Salam dan doa kesehatan kepada ustadz;Doa & Salam;positif;Ustadz Abdul Somad
@Kamaruddin-l8d;Aku sayang kucingku...aku sangat sedih kucingku mati;comment;0;0;1 year ago;FALSE;FALSE;Sungguh Terharu! Kebaikan Seekor Kucing Melebihi Kebaikan Manusia | Ustadz Abdul Somad;https://www.youtube.com/watch?v=tDfV4Ahtgak;Penonton mengungkapkan kesedihan karena kucingnya mati;Pengalaman Kehilangan Kucing;negatif;Ustadz Abdul Somad
@ekosantoso3231;Benar sekali pak ustat jaman sekarang ini manusia lebih kejam dari binatang hatinya tidak punya welas asih  banyak orang jahat apa lagi samaku ing tega tidak punya welas asih  manusia lebih jahat dari binatang seperti nya otakya sudah koplak hatinya seperti duri;comment;0;0;1 year ago;FALSE;FALSE;Sungguh Terharu! Kebaikan Seekor Kucing Melebihi Kebaikan Manusia | Ustadz Abdul Somad;https://www.youtube.com/watch?v=tDfV4Ahtgak;Komentar tentang manusia zaman sekarang yang lebih kejam dari binatang tanpa belas kasih;Kritik Sosial;negatif;Ustadz Abdul Somad
@kikirizihameliyah7342;Alhamdulillah saya sekeluarga sayang kucing aku,anakku apalagi suamiku...saya punya kucing 3 ekor sisa 1 ekor...yang mati si black tahun 2023 hari jum'at, si shope/bobby mati hari jum'@t tgl 13 desember 2024 ditabrak motor(anaknya muezza kucing angora yg kawin sama kucing kampung) sekarang sisa si mueezza si anggora semoga panjang umur YA ALLAH SWT...pertemukan kembali Ya ALLAH SWT dengan kucing_kucingku di SurgaMu Ya ALLAH kami sekeluarga???????????????????????????????????????????????????;comment;0;0;1 year ago;FALSE;FALSE;Sungguh Terharu! Kebaikan Seekor Kucing Melebihi Kebaikan Manusia | Ustadz Abdul Somad;https://www.youtube.com/watch?v=tDfV4Ahtgak;Berbagi cerita panjang tentang kucing-kucing peliharaan yang telah meninggal dan doa untuk bertemu di surga;Pengalaman Kehilangan Kucing;negatif;Ustadz Abdul Somad
@SAYANG805;AKU KUTIP KUCING BUANGAN KARNA KASIAN YG SAKIT AKU OBATI MEREKA AKU MELIHARA KUCING BUANGAN TERLANTAR AKU KASIAN MEREKA CUMA MINTA MAKAN MUNIM MINTA PERLINDUNGAN BERTEDUH KASIH LH SAYANGI CINTAI MEREKA KITA MANUSIA AJA MAU MAKAN APA LG KUCING.???? SEBERAPA BANYAK MENGEJAR HARTA DUNIA TDAK SEMBANG DNGAN KATA CUKUP;comment;0;0;1 year ago;FALSE;FALSE;Sungguh Terharu! Kebaikan Seekor Kucing Melebihi Kebaikan Manusia | Ustadz Abdul Somad;https://www.youtube.com/watch?v=tDfV4Ahtgak;Penonton memelihara kucing terlantar dan mengajak orang untuk menyayangi kucing;Kepedulian Kucing Terlantar;positif;Ustadz Abdul Somad
@AldiDriana;Kucingku namanya ucung anakya kunil adikya Popon ,lucu aku ,suka??;comment;0;0;1 year ago;FALSE;FALSE;Sungguh Terharu! Kebaikan Seekor Kucing Melebihi Kebaikan Manusia | Ustadz Abdul Somad;https://www.youtube.com/watch?v=tDfV4Ahtgak;Cerita lucu tentang nama-nama kucing peliharaan yang disayangi;Cerita Kucing Peliharaan;positif;Ustadz Abdul Somad
@keylaadelia4062;Hadir semua;comment;0;0;1 year ago;FALSE;FALSE;Sungguh Terharu! Kebaikan Seekor Kucing Melebihi Kebaikan Manusia | Ustadz Abdul Somad;https://www.youtube.com/watch?v=tDfV4Ahtgak;Ekspresi kehadiran singkat;Kehadiran;netral;Ustadz Abdul Somad
@setudio6546.berkah;Ll;comment;0;0;1 year ago;FALSE;FALSE;Sungguh Terharu! Kebaikan Seekor Kucing Melebihi Kebaikan Manusia | Ustadz Abdul Somad;https://www.youtube.com/watch?v=tDfV4Ahtgak;Komentar singkat tidak bermakna;Spam/Tidak Relevan;netral;Ustadz Abdul Somad
@idawartida2632;"Saya penyayang kucing tapi tdk memelihara kucing Pak ustad 
Tiap hari ada kedatangan kucing sy ksh mkn";comment;0;0;1 year ago;FALSE;FALSE;Sungguh Terharu! Kebaikan Seekor Kucing Melebihi Kebaikan Manusia | Ustadz Abdul Somad;https://www.youtube.com/watch?v=tDfV4Ahtgak;Penonton memberi makan kucing liar setiap hari meski tidak memeliharanya;Kepedulian Kucing Liar;positif;Ustadz Abdul Somad
@saifulmaschannel;Ada seekor kucing liar setiap hari datang ke rumah saya sambil ber bunyi2 (meow) banyak kali tapi bila saya mendekati nya langsung dia menjauhkan dirinya mungkin disebabkan dia rasa terancam lalu saya mengambil keputusan untuk simpan makanan di tempat selalu dia menunggu diberikan makanan.... Tapi sudah hampir seminggu kucing liar tu tak datang2 lagi ke rumah??... Terkadang saya pun tercari2 seolah2 hati saya tergerak untuk mengambil kucing itu untuk dipelihara??.. semoga ada orang baik2 yang menjumpai kucing itu????;comment;0;0;1 year ago;FALSE;FALSE;Sungguh Terharu! Kebaikan Seekor Kucing Melebihi Kebaikan Manusia | Ustadz Abdul Somad;https://www.youtube.com/watch?v=tDfV4Ahtgak;Cerita tentang kucing liar yang biasa datang ke rumah namun tiba-tiba menghilang;Pengalaman dengan Kucing Liar;negatif;Ustadz Abdul Somad
@rizafrog9517;Kalo kita tidur terus dilangkahi kucing itu pertanda apa ya ustadz;comment;0;0;1 year ago;FALSE;FALSE;Sungguh Terharu! Kebaikan Seekor Kucing Melebihi Kebaikan Manusia | Ustadz Abdul Somad;https://www.youtube.com/watch?v=tDfV4Ahtgak;Pertanyaan tentang makna kucing yang melangkahi orang tidur;Pertanyaan Agama;netral;Ustadz Abdul Somad
@rosnalita6315;Kucing saya 9 ekor.;comment;0;0;1 year ago;FALSE;FALSE;Sungguh Terharu! Kebaikan Seekor Kucing Melebihi Kebaikan Manusia | Ustadz Abdul Somad;https://www.youtube.com/watch?v=tDfV4Ahtgak;Penonton memberitahu jumlah kucingnya sebanyak 9 ekor;Cerita Kucing Peliharaan;positif;Ustadz Abdul Somad
@ismailharun-j1j;kucing mmg lucu, tp kotorannya bau sekali;comment;0;1;1 year ago;FALSE;FALSE;Sungguh Terharu! Kebaikan Seekor Kucing Melebihi Kebaikan Manusia | Ustadz Abdul Somad;https://www.youtube.com/watch?v=tDfV4Ahtgak;Pendapat bahwa kucing lucu namun kotorannya bau;Opini tentang Kucing;netral;Ustadz Abdul Somad
@AdulRohman-w2o;Assalamualaikum Ustadz;comment;0;0;1 year ago;FALSE;FALSE;Sungguh Terharu! Kebaikan Seekor Kucing Melebihi Kebaikan Manusia | Ustadz Abdul Somad;https://www.youtube.com/watch?v=tDfV4Ahtgak;Salam singkat kepada ustadz;Salam;positif;Ustadz Abdul Somad
@SetyawatiWati-o9f;Sku sangat menyayangi kucing;comment;0;0;1 year ago;FALSE;FALSE;Sungguh Terharu! Kebaikan Seekor Kucing Melebihi Kebaikan Manusia | Ustadz Abdul Somad;https://www.youtube.com/watch?v=tDfV4Ahtgak;Penonton menyatakan sangat menyayangi kucing;Rasa Sayang Kucing;positif;Ustadz Abdul Somad
@lisariahriah7630;Bismillahirahmnirahim Ya Allah semoga hambamu sekeluarga selalu menyayangi kucing liar yg datang kerumah kami dan semoga pula selalu memberi mkan kucing setiap subuh siang dan malam aamiin;comment;0;0;1 year ago;FALSE;FALSE;Sungguh Terharu! Kebaikan Seekor Kucing Melebihi Kebaikan Manusia | Ustadz Abdul Somad;https://www.youtube.com/watch?v=tDfV4Ahtgak;Doa agar senantiasa menyayangi kucing liar yang datang ke rumah;Doa & Kepedulian Kucing;positif;Ustadz Abdul Somad
@MuhamadnurFajarinsan;Hari ini kucing saya meninggal;comment;0;0;1 year ago;FALSE;FALSE;Sungguh Terharu! Kebaikan Seekor Kucing Melebihi Kebaikan Manusia | Ustadz Abdul Somad;https://www.youtube.com/watch?v=tDfV4Ahtgak;Penonton mengabarkan kucingnya baru meninggal hari ini;Pengalaman Kehilangan Kucing;negatif;Ustadz Abdul Somad
@teguhpriadi;kucing saya sudah 3 hari tidak pulang, saya merawatnya sedari kecil, sudah kami anggap seperti keluarga dan bagian dr hidup kami, kami sangat sedih , mohon doa nya teman teman sekalian agar kucing saya kembali pulang ??;comment;0;0;1 year ago;FALSE;FALSE;Sungguh Terharu! Kebaikan Seekor Kucing Melebihi Kebaikan Manusia | Ustadz Abdul Somad;https://www.youtube.com/watch?v=tDfV4Ahtgak;Permohonan doa agar kucing yang hilang setelah 3 hari bisa kembali;Pengalaman Kehilangan Kucing;negatif;Ustadz Abdul Somad
@karnokarno4527;Kucing bisa apa? Makan dooang??;comment;0;1;1 year ago;FALSE;FALSE;Sungguh Terharu! Kebaikan Seekor Kucing Melebihi Kebaikan Manusia | Ustadz Abdul Somad;https://www.youtube.com/watch?v=tDfV4Ahtgak;Komentar meremehkan kemampuan kucing yang hanya bisa makan;Opini Negatif Kucing;negatif;Ustadz Abdul Somad
@yantiaisyahyusuf7650;"Cup...saya penyayang kucing beserta ?eluarga dan ibu ku dan adik kakakku.
Aamiin ...yaa Alloh
Semoga kita semua mendapatkan Rahmat ALLOH aamiin yaa Alloh???";comment;1;0;2 years ago;FALSE;FALSE;Sungguh Terharu! Kebaikan Seekor Kucing Melebihi Kebaikan Manusia | Ustadz Abdul Somad;https://www.youtube.com/watch?v=tDfV4Ahtgak;Doa bersama keluarga agar selalu mendapat rahmat Allah;Doa & Keluarga;positif;Ustadz Abdul Somad
@HamdaniJea;Waktu aku kerja jadi kuli bangunan waktu itu saya menggara suatu jalan yang menggunakan pafing di dekat pekerjaan saya ini ada banyak kucing di buang di tpa sampah sampai badan kucing itu kurus kering sehingga banyak yang mati tapi saya gak berbuat apa apa untuk kucing kucing ..tersebut ..melihat vidi ini hati saya rasanya terhenyuh  menyeresap kayak mau nangis ..smoga yang melihat vidio ini di lancarkan rejikinya sehat rohani dan jasmani nya oleh allah subahanahu wataala amin;comment;0;0;2 years ago;FALSE;FALSE;Sungguh Terharu! Kebaikan Seekor Kucing Melebihi Kebaikan Manusia | Ustadz Abdul Somad;https://www.youtube.com/watch?v=tDfV4Ahtgak;Penyesalan karena dulu membiarkan kucing mati kelaparan di TPA dan kini merasa terharu;Penyesalan & Refleksi Diri;negatif;Ustadz Abdul Somad
@Qallmyname;Kucing ku meninggal mendadak setelah aku pulang dari masjid. Aku sangat merasa kehilangan. Semoga saya dapat bertemu lagi dengan dia.;comment;0;0;2 years ago;FALSE;FALSE;Sungguh Terharu! Kebaikan Seekor Kucing Melebihi Kebaikan Manusia | Ustadz Abdul Somad;https://www.youtube.com/watch?v=tDfV4Ahtgak;Penonton kehilangan kucingnya yang mendadak mati dan berharap bertemu lagi;Pengalaman Kehilangan Kucing;negatif;Ustadz Abdul Somad
@jamalUdin-we3qd;Semua manusia memiliki hati tapi tidak semua orang paham tenag hati;comment;0;0;2 years ago;FALSE;FALSE;Sungguh Terharu! Kebaikan Seekor Kucing Melebihi Kebaikan Manusia | Ustadz Abdul Somad;https://www.youtube.com/watch?v=tDfV4Ahtgak;Refleksi bahwa tidak semua manusia memahami makna hati nurani;Refleksi Sosial;netral;Ustadz Abdul Somad
@radenarief670;hadirkucing ada 4 bengal?;comment;0;0;2 years ago;FALSE;FALSE;Sungguh Terharu! Kebaikan Seekor Kucing Melebihi Kebaikan Manusia | Ustadz Abdul Somad;https://www.youtube.com/watch?v=tDfV4Ahtgak;Penonton memiliki 4 kucing Bengali dan hadir menonton;Cerita Kucing Peliharaan;positif;Ustadz Abdul Somad
@lisariahriah7630;Alhamdulillahirabil'alamiin rumah kami banyak didatangi kucing2 liar dan semoga semakin senang memberi makan kucing2 liar diwaktu subuh siang malam;comment;0;0;2 years ago;FALSE;FALSE;Sungguh Terharu! Kebaikan Seekor Kucing Melebihi Kebaikan Manusia | Ustadz Abdul Somad;https://www.youtube.com/watch?v=tDfV4Ahtgak;Syukur karena rumah banyak didatangi kucing liar dan doa agar semakin gemar memberi makan;Kepedulian Kucing Liar;positif;Ustadz Abdul Somad
@Yuhuuiuuuu;Usia saya sekarang 38th, saya memelihara kucing sejak kecil dari sebelum sekolah sampai saat ini ga pernah putus memelihara kucing, singkat cerita saya menikah sudah 6th & baru dapat kabar gembira bulan januari 2024 karena istri positif hamil. Sebelumnya istri saya sangat tidak suka kucing baru 5 bulan ini istri mulai berani sama kucing, & bulan desember 2023 kucing saya ada 2 betina lahiran saya & istri saya berbicara sama kucing yg lahiran doain bapak sama ibu nular ya nak supaya punya keturunan dengan kuasa Allah doa yg sekejap dalam waktu 2 minggu saja akhirnya istri Alhamdulillah positif hamil.. kita tidak pernah tau doa siapa yg di dengar Allah biar bagaimanapun kucing tetap makhluk Allah punya cara sendiri untuk berdoa ke sang penciptanya..;comment;0;0;2 years ago;FALSE;FALSE;Sungguh Terharu! Kebaikan Seekor Kucing Melebihi Kebaikan Manusia | Ustadz Abdul Somad;https://www.youtube.com/watch?v=tDfV4Ahtgak;Cerita panjang tentang kucing yang diduga mendoakan si pemilik hingga istrinya hamil;Cerita Kucing & Keajaiban;positif;Ustadz Abdul Somad
@Olla_Tatum;Subhanallaah.. ?;comment;1;0;2 years ago;FALSE;FALSE;Sungguh Terharu! Kebaikan Seekor Kucing Melebihi Kebaikan Manusia | Ustadz Abdul Somad;https://www.youtube.com/watch?v=tDfV4Ahtgak;Ekspresi kekaguman singkat dengan ucapan Subhanallah;Ekspresi Religius;positif;Ustadz Abdul Somad
@lisariahriah7630;Bismillahirahmanirahim,Ahamdulillahirabil'alamiin,Ya Allah Ya Hayyu Ya Qayyum Ya Fattah Ya Rozzaaq,Ya Rob semoga hambamu dan anak2 kami,hamba yg selalu mensyukuri atas nikmatmu dan semoga kami hamba yg senang memberi makan kucing2 liar diwaktu subuh aamii yra;comment;0;0;2 years ago;FALSE;FALSE;Sungguh Terharu! Kebaikan Seekor Kucing Melebihi Kebaikan Manusia | Ustadz Abdul Somad;https://www.youtube.com/watch?v=tDfV4Ahtgak;Doa agar selalu bersyukur dan senang memberi makan kucing liar di waktu subuh;Doa & Kepedulian Kucing;positif;Ustadz Abdul Somad
@muhammadsahid1901;Terimakasih ??;comment;0;0;2 years ago;FALSE;FALSE;Sungguh Terharu! Kebaikan Seekor Kucing Melebihi Kebaikan Manusia | Ustadz Abdul Somad;https://www.youtube.com/watch?v=tDfV4Ahtgak;Ucapan terima kasih singkat;Apresiasi;positif;Ustadz Abdul Somad
@Anak_Lanang1702;Bisa buat nangkap tikus jg lah...;reply;0;0;1 year ago;FALSE;FALSE;Sungguh Terharu! Kebaikan Seekor Kucing Melebihi Kebaikan Manusia | Ustadz Abdul Somad;https://www.youtube.com/watch?v=tDfV4Ahtgak;Komentar bahwa kucing juga bisa menangkap tikus;Fungsi Kucing;netral;Ustadz Abdul Somad
@Bangkongzuma527;kucing saya 1 minggu yg lalu kelindes kereta ???? di rawat dari kecil . pas sebelum kelindes sempet saya ajak main saya suapin makanan saya elus . eh 1 jam kemudian taunya dia pergi ke rel kereta ????????;comment;0;0;2 years ago;FALSE;FALSE;Sungguh Terharu! Kebaikan Seekor Kucing Melebihi Kebaikan Manusia | Ustadz Abdul Somad;https://www.youtube.com/watch?v=tDfV4Ahtgak;Kucing peliharaan mati dilindas kereta setelah bermain bersama pemiliknya;Pengalaman Kehilangan Kucing;negatif;Ustadz Abdul Somad
@muhammadantoni4519;Up;comment;0;0;2 years ago;FALSE;FALSE;Sungguh Terharu! Kebaikan Seekor Kucing Melebihi Kebaikan Manusia | Ustadz Abdul Somad;https://www.youtube.com/watch?v=tDfV4Ahtgak;Ekspresi kehadiran singkat;Kehadiran;netral;Ustadz Abdul Somad
@amirayuliasari2771;Sedih sekali mendengar nya, semoga bagi pencita kucing mendapatkan banyak rahmat.... ??????;comment;0;0;2 years ago;FALSE;FALSE;Sungguh Terharu! Kebaikan Seekor Kucing Melebihi Kebaikan Manusia | Ustadz Abdul Somad;https://www.youtube.com/watch?v=tDfV4Ahtgak;Doa dan harapan bagi pecinta kucing agar mendapat banyak rahmat;Doa untuk Pecinta Kucing;positif;Ustadz Abdul Somad
@putrianggraini4361;Aku pernah pas makan pecel lele dipinggir jalan trs ada satu kucing pas aku lemparkan daging ayam trs makanan itu dibawa sm dia pergi jauh dari tmpt pecel lele itu tbtb dia balik lagi pdhl aku kasih gede makanannya ga mungkin abis secepat itu dia balik aku sampai terheran aku coba lagi kedua kalinya seperti itu jg trs pas brp kali dia balik dia makan dkt aku pas aku  uda kelar makanan kaki aku sm suami dielus2 badannya dia masyaallah bgt;comment;0;0;2 years ago;FALSE;FALSE;Sungguh Terharu! Kebaikan Seekor Kucing Melebihi Kebaikan Manusia | Ustadz Abdul Somad;https://www.youtube.com/watch?v=tDfV4Ahtgak;Cerita pengalaman bertemu kucing yang berbagi makanan dan mengelus kaki sebagai tanda terima kasih;Cerita Kebaikan Kucing;positif;Ustadz Abdul Somad
@sitikaslina70-qx1ox;55595;comment;0;0;2 years ago;FALSE;FALSE;Sungguh Terharu! Kebaikan Seekor Kucing Melebihi Kebaikan Manusia | Ustadz Abdul Somad;https://www.youtube.com/watch?v=tDfV4Ahtgak;Komentar berisi angka tidak bermakna;Spam/Tidak Relevan;netral;Ustadz Abdul Somad
@jagatsatria8791;??;comment;0;0;2 years ago;FALSE;FALSE;Sungguh Terharu! Kebaikan Seekor Kucing Melebihi Kebaikan Manusia | Ustadz Abdul Somad;https://www.youtube.com/watch?v=tDfV4Ahtgak;Ekspresi dukungan dengan emoji jempol;Ekspresi Positif;positif;Ustadz Abdul Somad
@bobungil5429;Cat lovers hadir??;comment;0;0;3 years ago;FALSE;FALSE;Sungguh Terharu! Kebaikan Seekor Kucing Melebihi Kebaikan Manusia | Ustadz Abdul Somad;https://www.youtube.com/watch?v=tDfV4Ahtgak;Pecinta kucing menyatakan kehadirannya;Kehadiran Pecinta Kucing;positif;Ustadz Abdul Somad
@NurKasih99;Kucing saya baru meninggal . Kesedihan amat sngat .. Doakan saya dapat menjaga kucingý saya di syurga .. Sekiranya saya layak ke syurga Allah . Saya ingin masuk kan mereka di syurga terutama nya Ayah dan ibu saya dan nenek saya . Dan seluruh ahli keluarga saya dan orang yang saya sayangi . Tidak lupa juga kepada kucing saya dan semua kucing saya semasa di dunia . Dan paling saya ingin kan kelak . Bersama rasullullah dan para sahabat dan keluarga saya dan haiwan yg saya sayangi .. Doakan saya . Mungkin doa kalian Allah makbulkan . Dan semoga Allah membalas melebihi yang kalian berdoa kebaikan kpda saya .. Aminnn;comment;0;0;3 years ago;FALSE;FALSE;Sungguh Terharu! Kebaikan Seekor Kucing Melebihi Kebaikan Manusia | Ustadz Abdul Somad;https://www.youtube.com/watch?v=tDfV4Ahtgak;Doa panjang penuh harapan agar bertemu kembali dengan kucing-kucing yang telah tiada di surga;Doa Kehilangan Kucing;negatif;Ustadz Abdul Somad
@syarifahrahmanisah0176;Alhamdulillah ya Allah kucing sya sering mlihat sya dgn mata yg haru;comment;0;0;3 years ago;FALSE;FALSE;Sungguh Terharu! Kebaikan Seekor Kucing Melebihi Kebaikan Manusia | Ustadz Abdul Somad;https://www.youtube.com/watch?v=tDfV4Ahtgak;Syukur karena kucing sering menatap pemiliknya dengan hangat;Rasa Sayang Kucing;positif;Ustadz Abdul Somad
@MuhammadSafdar-qe7rq;Cats very nice and very beautiful and so happy;comment;0;0;3 years ago;FALSE;FALSE;Sungguh Terharu! Kebaikan Seekor Kucing Melebihi Kebaikan Manusia | Ustadz Abdul Somad;https://www.youtube.com/watch?v=tDfV4Ahtgak;Pernyataan singkat bahwa kucing sangat bagus dan membahagiakan;Pujian Kucing;positif;Ustadz Abdul Somad
@nurmasayu6832;Masyaallah ??;comment;0;0;3 years ago;FALSE;FALSE;Sungguh Terharu! Kebaikan Seekor Kucing Melebihi Kebaikan Manusia | Ustadz Abdul Somad;https://www.youtube.com/watch?v=tDfV4Ahtgak;Ekspresi kesedihan dengan ucapan Masyaallah;Ekspresi Emosi Religius;negatif;Ustadz Abdul Somad
@Oyeneye;???;comment;0;0;3 years ago;FALSE;FALSE;Sungguh Terharu! Kebaikan Seekor Kucing Melebihi Kebaikan Manusia | Ustadz Abdul Somad;https://www.youtube.com/watch?v=tDfV4Ahtgak;Ekspresi cinta dengan tiga emoji hati;Ekspresi Emosi;positif;Ustadz Abdul Somad
@afniwiranti3797;Kucing yang keluarr dari hidung singa.??;comment;0;0;3 years ago;FALSE;FALSE;Sungguh Terharu! Kebaikan Seekor Kucing Melebihi Kebaikan Manusia | Ustadz Abdul Somad;https://www.youtube.com/watch?v=tDfV4Ahtgak;Cerita lucu tentang kucing yang keluar dari hidung singa;Cerita Lucu Kucing;positif;Ustadz Abdul Somad
@andyleboy;Sampe nangis dengernya sungguh luar biasa;comment;0;0;3 years ago;FALSE;FALSE;Sungguh Terharu! Kebaikan Seekor Kucing Melebihi Kebaikan Manusia | Ustadz Abdul Somad;https://www.youtube.com/watch?v=tDfV4Ahtgak;Penonton mengaku menangis mendengar ceramah yang luar biasa;Reaksi Emosional terhadap Video;positif;Ustadz Abdul Somad
@zackyclubers1555;Wahai roob ku berikan lah kami orang? muslim kelapangan dan kelembutan hati wahai roob q??????;comment;0;0;3 years ago;FALSE;FALSE;Sungguh Terharu! Kebaikan Seekor Kucing Melebihi Kebaikan Manusia | Ustadz Abdul Somad;https://www.youtube.com/watch?v=tDfV4Ahtgak;Doa memohon kelembutan hati dari Allah;Doa Religius;positif;Ustadz Abdul Somad
@erlinalina1999;Hadir;comment;0;0;3 years ago;FALSE;FALSE;Sungguh Terharu! Kebaikan Seekor Kucing Melebihi Kebaikan Manusia | Ustadz Abdul Somad;https://www.youtube.com/watch?v=tDfV4Ahtgak;Ekspresi kehadiran singkat;Kehadiran;netral;Ustadz Abdul Somad
@amaramar8804;MasyaAlllah kucingnya baik banget walaupun dia juga kelaparan??????;comment;0;0;3 years ago;FALSE;FALSE;Sungguh Terharu! Kebaikan Seekor Kucing Melebihi Kebaikan Manusia | Ustadz Abdul Somad;https://www.youtube.com/watch?v=tDfV4Ahtgak;Ekspresi terharu melihat kucing yang baik meski dirinya juga kelaparan;Kebaikan Kucing;positif;Ustadz Abdul Somad
@au937;ALLAHUAKBAR;comment;1;0;3 years ago;FALSE;FALSE;Sungguh Terharu! Kebaikan Seekor Kucing Melebihi Kebaikan Manusia | Ustadz Abdul Somad;https://www.youtube.com/watch?v=tDfV4Ahtgak;Ekspresi takbir;Ekspresi Religius;positif;Ustadz Abdul Somad
@dedekdembo754;????????;comment;0;0;3 years ago;FALSE;FALSE;Sungguh Terharu! Kebaikan Seekor Kucing Melebihi Kebaikan Manusia | Ustadz Abdul Somad;https://www.youtube.com/watch?v=tDfV4Ahtgak;Ekspresi kesedihan dengan emoji menangis;Ekspresi Emosi;negatif;Ustadz Abdul Somad
@ahmadghozalli6373;Tapi banyak juga istri lebih perhatian sama kucing drpd suaminya , Nauzubillah ....;comment;0;0;3 years ago;FALSE;FALSE;Sungguh Terharu! Kebaikan Seekor Kucing Melebihi Kebaikan Manusia | Ustadz Abdul Somad;https://www.youtube.com/watch?v=tDfV4Ahtgak;Kekhawatiran tentang istri yang lebih perhatian pada kucing daripada suami;Kritik Sosial;negatif;Ustadz Abdul Somad
@topxcell9432;Alhamdulillah saya pecinta kucing, menyiangi kucing Dgn hati yang tulus dan ikhlas Lillahi Ta'alala;comment;0;0;3 years ago;FALSE;FALSE;Sungguh Terharu! Kebaikan Seekor Kucing Melebihi Kebaikan Manusia | Ustadz Abdul Somad;https://www.youtube.com/watch?v=tDfV4Ahtgak;Penonton menyatakan diri sebagai pecinta kucing yang merawat dengan tulus;Rasa Sayang Kucing;positif;Ustadz Abdul Somad
@indrimamonto1396;Masyaallah??????;comment;0;0;3 years ago;FALSE;FALSE;Sungguh Terharu! Kebaikan Seekor Kucing Melebihi Kebaikan Manusia | Ustadz Abdul Somad;https://www.youtube.com/watch?v=tDfV4Ahtgak;Ekspresi kekaguman dan doa dengan emoji;Ekspresi Religius;positif;Ustadz Abdul Somad
@yudistira3546;"Kucing ku hilang ada yang nyuri semoga kyubi pulang lagi ya allah amiin ya allah yarobbal alamiin...
minta doanya yaa sodaraku supaya kucing saya kyubi ketemu lagi";comment;0;0;3 years ago;FALSE;FALSE;Sungguh Terharu! Kebaikan Seekor Kucing Melebihi Kebaikan Manusia | Ustadz Abdul Somad;https://www.youtube.com/watch?v=tDfV4Ahtgak;Doa agar kucing yang hilang (Kyubi) bisa kembali;Pengalaman Kehilangan Kucing;negatif;Ustadz Abdul Somad
@indahanggraini2088;Kucing ku barusan meninggal.. Saya sedih sekali. Doakan kucing saya sudah berada di surga;comment;0;0;3 years ago;FALSE;FALSE;Sungguh Terharu! Kebaikan Seekor Kucing Melebihi Kebaikan Manusia | Ustadz Abdul Somad;https://www.youtube.com/watch?v=tDfV4Ahtgak;Penonton berduka karena kucingnya baru meninggal dan mendoakannya masuk surga;Pengalaman Kehilangan Kucing;negatif;Ustadz Abdul Somad
@dadandayani7396;Itu yg dirasakan iya skrng, kerja sampai mlm takbir beres kerjaan gk dpt uang.. Nangis..;comment;0;0;3 years ago;FALSE;FALSE;Sungguh Terharu! Kebaikan Seekor Kucing Melebihi Kebaikan Manusia | Ustadz Abdul Somad;https://www.youtube.com/watch?v=tDfV4Ahtgak;Curahan perasaan sedih karena bekerja keras tapi tidak mendapat uang;Curhatan Pribadi;negatif;Ustadz Abdul Somad
@renikusmiati9760;Masyaallah seekor kucing za punya rasa kasih sayang;comment;0;0;3 years ago;FALSE;FALSE;Sungguh Terharu! Kebaikan Seekor Kucing Melebihi Kebaikan Manusia | Ustadz Abdul Somad;https://www.youtube.com/watch?v=tDfV4Ahtgak;Kekaguman bahwa seekor kucing pun memiliki rasa kasih sayang;Kebaikan Kucing;positif;Ustadz Abdul Somad
@ikbalm1747;Penyayang kucing;comment;0;0;4 years ago;FALSE;FALSE;Sungguh Terharu! Kebaikan Seekor Kucing Melebihi Kebaikan Manusia | Ustadz Abdul Somad;https://www.youtube.com/watch?v=tDfV4Ahtgak;Penonton memperkenalkan diri sebagai penyayang kucing;Identitas Pecinta Kucing;positif;Ustadz Abdul Somad
@misschitraveling3221;Kucing saja sayang pada temannya dan knp ada ustadz melarang pelihara kucing ??;comment;0;0;4 years ago;FALSE;FALSE;Sungguh Terharu! Kebaikan Seekor Kucing Melebihi Kebaikan Manusia | Ustadz Abdul Somad;https://www.youtube.com/watch?v=tDfV4Ahtgak;Pertanyaan mengapa ada ustadz yang melarang memelihara kucing;Pertanyaan Agama;netral;Ustadz Abdul Somad
@admar93;Dirumah punya kucing peliharaan, setiap kasih makan pasti banyak kucing liar yg datang, trs saya bagilah mereka makanan. Tapi kalau ketahuan ibu saya pasti di marahi. beliau bilang jangan beri makan terus kucing liar itu nanti kebiasaan datang terus minta makan. Pdhal pakan itu saya yg beli dari duit saya sendiri dan lagipula saya beri mereka makan juga tidak banyaký, hanya sedikit saja yg saya bagi. Karena saat saya kasih kucing saya makan dan disana ada kucing liar yg mengeong meminta makan, saya tidak bisa kalau hanya diam gk bagi dia makan. Makanya sebisa mungkin saya kasih mereka makan meskipun kerap kena marah ibu.;comment;0;0;4 years ago;FALSE;FALSE;Sungguh Terharu! Kebaikan Seekor Kucing Melebihi Kebaikan Manusia | Ustadz Abdul Somad;https://www.youtube.com/watch?v=tDfV4Ahtgak;Cerita memberi makan kucing liar diam-diam meski dimarahi ibu;Kepedulian Kucing Liar;positif;Ustadz Abdul Somad
@romliofficiall1275;??;comment;0;0;4 years ago;FALSE;FALSE;Sungguh Terharu! Kebaikan Seekor Kucing Melebihi Kebaikan Manusia | Ustadz Abdul Somad;https://www.youtube.com/watch?v=tDfV4Ahtgak;Ekspresi doa singkat;Ekspresi Religius;positif;Ustadz Abdul Somad
@rahimah2398;"Bismillahirohmannirohiim assalamualaikum
Kucing saya Baru sahaja meninggal 
Dia kucing kurang uapaya saya amat rindukan nya saya sayangkan dia 
Adakah kucing punya dosa? Adakah kucing Akan dhukum?";comment;1;0;4 years ago;FALSE;FALSE;Sungguh Terharu! Kebaikan Seekor Kucing Melebihi Kebaikan Manusia | Ustadz Abdul Somad;https://www.youtube.com/watch?v=tDfV4Ahtgak;Pertanyaan tentang apakah kucing memiliki dosa dan akan dihukum;Pertanyaan Agama;netral;Ustadz Abdul Somad
@naeangold;"Kok sepi :v
Dibersihin ya :v";comment;0;0;4 years ago;FALSE;FALSE;Sungguh Terharu! Kebaikan Seekor Kucing Melebihi Kebaikan Manusia | Ustadz Abdul Somad;https://www.youtube.com/watch?v=tDfV4Ahtgak;Komentar tentang konten yang sepi dan perlu dibersihkan;Komentar Konten;netral;Ustadz Abdul Somad
@wiwinwinarti6662;Kucingku di tinggalin d kontrakan aku pulang kampung selalu inget terus sama kucing'ku ??;comment;0;0;4 years ago;FALSE;FALSE;Sungguh Terharu! Kebaikan Seekor Kucing Melebihi Kebaikan Manusia | Ustadz Abdul Somad;https://www.youtube.com/watch?v=tDfV4Ahtgak;Kerinduan kepada kucing peliharaan yang ditinggal di kontrakan saat pulang kampung;Kerinduan Kucing;negatif;Ustadz Abdul Somad
@pujichannel8155;Mendengar ceramah pak ustad hati ku sedih rasanya  kucing berakhlak mulia baik hatinya . Saya juga memelihara kucing 4ekor yang satu hati nya mulia seperti yg diceritakan pak ustad tadi kalau dia tau temannya sedang kelaparan dia mengalah tidak makan karena temanya tadi si kucing kecil sedang lapar . Dia menggu kucing kecil makan dhulu baru dia makan sisanya itu . Sungguh mulia hati kucing sangat mulia sekali;comment;1;0;4 years ago;FALSE;FALSE;Sungguh Terharu! Kebaikan Seekor Kucing Melebihi Kebaikan Manusia | Ustadz Abdul Somad;https://www.youtube.com/watch?v=tDfV4Ahtgak;Kekaguman pada kucing yang mengalah demi teman yang lebih lapar, seperti diceritakan ustadz;Kebaikan Kucing;positif;Ustadz Abdul Somad
@sitiinsiyah635;,ok saya maminya kucing.kucing saya 50 saya sayang  semuanya;comment;0;0;4 years ago;FALSE;FALSE;Sungguh Terharu! Kebaikan Seekor Kucing Melebihi Kebaikan Manusia | Ustadz Abdul Somad;https://www.youtube.com/watch?v=tDfV4Ahtgak;Penonton mengaku memiliki 50 ekor kucing yang semuanya disayangi;Cerita Kucing Peliharaan;positif;Ustadz Abdul Somad
@madiputraacsela5572;Salam para pecinta kucing ????;comment;0;0;4 years ago;FALSE;FALSE;Sungguh Terharu! Kebaikan Seekor Kucing Melebihi Kebaikan Manusia | Ustadz Abdul Somad;https://www.youtube.com/watch?v=tDfV4Ahtgak;Salam sesama pecinta kucing;Komunitas Pecinta Kucing;positif;Ustadz Abdul Somad
@etabolita7365;Para cat lovers....mana suaranya.....????????????????????;comment;0;0;4 years ago;FALSE;FALSE;Sungguh Terharu! Kebaikan Seekor Kucing Melebihi Kebaikan Manusia | Ustadz Abdul Somad;https://www.youtube.com/watch?v=tDfV4Ahtgak;Ajakan kepada sesama pecinta kucing untuk menyuarakan kehadirannya;Komunitas Pecinta Kucing;positif;Ustadz Abdul Somad
@cakkimm1312;Lebih nyesek di tinggalkan oleh kucing yg sudah telanjur sayang tiba2 nyawanya nggak ada????;comment;0;0;4 years ago;FALSE;FALSE;Sungguh Terharu! Kebaikan Seekor Kucing Melebihi Kebaikan Manusia | Ustadz Abdul Somad;https://www.youtube.com/watch?v=tDfV4Ahtgak;Kesedihan mendalam ditinggal kucing yang sudah sangat disayangi;Pengalaman Kehilangan Kucing;negatif;Ustadz Abdul Somad
@rsancang4330;Allah;comment;0;0;4 years ago;FALSE;FALSE;Sungguh Terharu! Kebaikan Seekor Kucing Melebihi Kebaikan Manusia | Ustadz Abdul Somad;https://www.youtube.com/watch?v=tDfV4Ahtgak;Ekspresi singkat menyebut nama Allah;Ekspresi Religius;positif;Ustadz Abdul Somad
@Alma-se7dw;Assalamualaikum;comment;1;0;4 years ago;FALSE;FALSE;Sungguh Terharu! Kebaikan Seekor Kucing Melebihi Kebaikan Manusia | Ustadz Abdul Somad;https://www.youtube.com/watch?v=tDfV4Ahtgak;Salam singkat;Salam;positif;Ustadz Abdul Somad
@Anak_Lanang1702;Y makanya jgn pelihara kucing klo gitu ?? pelihara kucing butuh kesabaran;reply;0;0;1 year ago (edited);FALSE;FALSE;Sungguh Terharu! Kebaikan Seekor Kucing Melebihi Kebaikan Manusia | Ustadz Abdul Somad;https://www.youtube.com/watch?v=tDfV4Ahtgak;Komentar bahwa memelihara kucing butuh kesabaran ekstra;Tips Memelihara Kucing;netral;Ustadz Abdul Somad
@nurholis4905;Saya????;comment;0;0;4 years ago;FALSE;FALSE;Sungguh Terharu! Kebaikan Seekor Kucing Melebihi Kebaikan Manusia | Ustadz Abdul Somad;https://www.youtube.com/watch?v=tDfV4Ahtgak;Ekspresi kehadiran singkat dengan emoji;Kehadiran;netral;Ustadz Abdul Somad
@lilislisnawati4450;Iya ku  syang kucing   ada 6  kaya nya tenang kalau sudah ngsih mkn kucing  kemnapun pas kewarung  dia ngikutin  smoga yg melihatckucing jangan usir ksih mkan walau sedikit;comment;0;0;4 years ago;FALSE;FALSE;Sungguh Terharu! Kebaikan Seekor Kucing Melebihi Kebaikan Manusia | Ustadz Abdul Somad;https://www.youtube.com/watch?v=tDfV4Ahtgak;Penonton menyayangi 6 kucing dan berbagi kebahagiaan saat memberi makan;Cerita Kucing Peliharaan;positif;Ustadz Abdul Somad
@suyatmisuyatmi6017;??????;comment;0;0;4 years ago;FALSE;FALSE;Sungguh Terharu! Kebaikan Seekor Kucing Melebihi Kebaikan Manusia | Ustadz Abdul Somad;https://www.youtube.com/watch?v=tDfV4Ahtgak;Ekspresi cinta dengan emoji hati;Ekspresi Emosi;positif;Ustadz Abdul Somad
@vickaasia9860;sy setiap  hari  ksh mkn  kucing, ksh mandi  kucing kl kucing sakit sy obati  dirumah kucing ada 6 ekor;comment;0;0;4 years ago;FALSE;FALSE;Sungguh Terharu! Kebaikan Seekor Kucing Melebihi Kebaikan Manusia | Ustadz Abdul Somad;https://www.youtube.com/watch?v=tDfV4Ahtgak;Penonton merawat 6 ekor kucing, termasuk memandikan dan mengobatinya saat sakit;Merawat Kucing;positif;Ustadz Abdul Somad
@kamilahanun9707;"saya merasa biasa dengan jisah kucing ini, tetapi di akhir cerita ustadz mengucapkan ""JIKA KAU MERASA MASUK SURGA KARNA SHALAT DAN KHATAMAN QUR'AN MU, TETAPI HATI MU KERAS""";comment;0;0;4 years ago;FALSE;FALSE;Sungguh Terharu! Kebaikan Seekor Kucing Melebihi Kebaikan Manusia | Ustadz Abdul Somad;https://www.youtube.com/watch?v=tDfV4Ahtgak;Kutipan kata-kata menarik dari ceramah ustadz tentang hati yang keras;Kutipan Ceramah;netral;Ustadz Abdul Somad
@asrovimmg3517;tapi kucing aku selalu bawa makanan ke rumah selalu mengeong dan di berikannya trhdp anak nya.kadang bawa ikan sampai 3 ekr di taruh depan kulkas lagsung saya ambil dan saya grng untuk kcng itu sendiri.;comment;1;0;4 years ago;FALSE;FALSE;Sungguh Terharu! Kebaikan Seekor Kucing Melebihi Kebaikan Manusia | Ustadz Abdul Somad;https://www.youtube.com/watch?v=tDfV4Ahtgak;Cerita kucing peliharaan yang sering membawa ikan pulang sebagai hadiah untuk anaknya;Kebaikan Kucing;positif;Ustadz Abdul Somad
@a.s9912;Ajaibnya ialah bilamana Kucing yg mencintaimu.. syabas;comment;0;0;4 years ago (edited);FALSE;FALSE;Sungguh Terharu! Kebaikan Seekor Kucing Melebihi Kebaikan Manusia | Ustadz Abdul Somad;https://www.youtube.com/watch?v=tDfV4Ahtgak;Kekaguman atas kesetiaan kucing yang mencintai pemiliknya;Kesetiaan Kucing;positif;Ustadz Abdul Somad
@winniohwinni3707;Sy suka kucing;comment;0;0;4 years ago;FALSE;FALSE;Sungguh Terharu! Kebaikan Seekor Kucing Melebihi Kebaikan Manusia | Ustadz Abdul Somad;https://www.youtube.com/watch?v=tDfV4Ahtgak;Pernyataan singkat menyukai kucing;Rasa Sayang Kucing;positif;Ustadz Abdul Somad
@hasillarokhaini312;q punya kucing 6 ekor...walo ada yg bilang orang hamil g boleh pelihara kucing tp sy tetap melihara kucing buang pup jg...sy yakin tdk mungkin binatang kesayangan Rosululloh membawa penyakit;comment;0;0;4 years ago;FALSE;FALSE;Sungguh Terharu! Kebaikan Seekor Kucing Melebihi Kebaikan Manusia | Ustadz Abdul Somad;https://www.youtube.com/watch?v=tDfV4Ahtgak;Penonton tetap memelihara kucing meski hamil karena yakin kucing kesayangan Rasulullah tidak membawa penyakit;Kepercayaan Agama & Kucing;positif;Ustadz Abdul Somad
@jamsekolah2379;Backsound.y apa;comment;0;0;4 years ago;FALSE;FALSE;Sungguh Terharu! Kebaikan Seekor Kucing Melebihi Kebaikan Manusia | Ustadz Abdul Somad;https://www.youtube.com/watch?v=tDfV4Ahtgak;Pertanyaan tentang judul backsound yang digunakan di video;Pertanyaan Konten;netral;Ustadz Abdul Somad
@iisleniawaty8949;Saya sgt menyayangi kucing sy rawat 20 ekor kucing  di rmh alhamdulillah terawat;comment;0;0;4 years ago;FALSE;FALSE;Sungguh Terharu! Kebaikan Seekor Kucing Melebihi Kebaikan Manusia | Ustadz Abdul Somad;https://www.youtube.com/watch?v=tDfV4Ahtgak;Penonton merawat 20 ekor kucing di rumahnya dengan bangga;Merawat Kucing;positif;Ustadz Abdul Somad
@dewa176;"IDI Pecat Terawan Bela Dokter Teroris, Menuju Kehancuran Seperti MUI 

IDI memecat Dr Terawan adalah tanda mula kehancuran IDI. IDI bertindak persis seperti kelakuan MUI. Tidak berbeda. IDI sering menyerang pemerintah. Memang sejatinya IDI adalah LSM, sama seperti MUI. Ada lembaga yang lebih penting dibanding IDI: Indonesia Medical Council alias Konsil Kedokteran Indonesia yang independen dan langsung bertanggung jawab ke Presiden.

Yang lebih mengerikan adalah IDI Sukoharjo membela teroris. IDI Pusat diam. Artinya sejalan. IDI membuat hoaks bahwa teroris dokter Sunardi lemah. pakai tongkat segala. Faktanya CCTV menunjukkan dia bisa jalan normal. Bahkan nyetir pun bisa ngebut. IDI  juga menyebut Sunardi sebagai orang baik. Teroris adalah penjahat, sampah peradaban. Densus 88 sudah benar; membunuh teroris Sunardi.

IDI meng-glorifikasi dokter teroris Sunardi dengan pernyataan ngawur Arif Budi Satria, bahwa Sunardi berjiwa sosial tinggi. Teroris Sunardi menipu publik untuk menutupi kegiatannya. IDI pun belasungkawa pada teroris Sunardi. Ngawur dan tendensius. Glorifikasi pada teroris.

IDI memecat Terawan menunjukkan kebencian akut. Pamer kekuasaan, merasa bahwa titah IDI adalah fatwa. Dan, IDI membahayakan masyarakat. IDI memiliki kode etik, ternyata IDI tanpa etika ketika memecat dokter Terawan.

Kebencian apa yang tertanam pada IDI yang begitu membenci dokter Terawan? Sebelum Terawan jadi Menteri Kesehatan, tersebar surat IDI kepada Jokowi, isinya keberatan Terawan jika dia jadi menteri.

Jokowi tidak tunduk kepada tekanan IDI, maka IDI memberikan perlawanan. Gantian IDI tidak mengakui Konsil Kedokteran Indonesia yang diangkat Jokowi. Untuk membalas dendam IDI menghantam Terawan yang mengusulkan para anggota KKI.

Carut-marut IDI makin dalam, tak karuan. Terawan sebagai simbol Jokowi dihantam; dipecat permanen. Dipecatnya Terawan justru akan membuat cibiran makin dalam ke IDI. Kelakuan IDI secara principal mirip MUI. Rasa paling benar.

IDI menjadi mesin kekuatan yang menentukan hitam putih-nya kesehatan, obat, peredaran obat, dan sejak tahun 2014 masuk ke ranah politik. Dukung-mendukung capres membuat organisasi IDI, semakin mirip MUI. Makin kehilangan wibawa karena unsur bisnis besar lebih kuat daripada kemanusiaan.

Contohnya, IDI Sukoharjo harusnya mengecam dokter Sunardi. Bukan berbelasungkawa karena teroris Sunardi tewas. Karena seperti dituturkan Arif Budi Satria sendiri, profesi dokter mengedepankan kemanusiaan. 

Nah, justru kegilaan teroris Sunardi menggunakan profesi dokter untuk menutupi kejahatannya. Pura-pura baik, manusiawi, suka menolong, yang ketika ketahuan belangnya sebagai teroris, ketika dikejar aparat sebagai anggota organisasi teroris Jamaah Islamiyah justru melawan dan mengancam nyawa petugas.

Kelakuan Sunardi persis seperti 6 teroris FPI yang ditembak mati karena melawan petugas di peristiwa KM 50 Tol Cikampek. Glorifikasi dan belasungkawa terhadap teroris adalah kesalahan. IDI harusnya memberikan sanksi kepada Arif Budi Satria yang berduka karena teroris Sunardi didor oleh Densus 88.

IDI seperti MUI, kehilangan marwahnya. MUI pun kena batunya karena beberapa pentolannya adalah teroris. Di IDI pun anggotanya teroris: Sunardi namanya. Anggota Komisi Fatwa MUI yang mengriminalisasi Ahok juga teroris. Ketika Sunardi ditembak mati Densus 88, MUI lewat Anwar Abbas mengecam Densus 88. 

MUI dibangun dengan mencaci-maki pemerintah, berseberangan dengan pemerintah, karena memelihara kepentingan duit besar 30 tahun: label sertifikasi halal MUI. Wujud negara dalam negara. Negara kalah karena kedok agama yang dipakai MUI. Kepedean sebagai penentu benar salah membuat MUI jumawa. Keblinger yang menjadi bahan tertawaan umat yang waras. Karena MUI melabeli sertifikasi kulkas ada yang halal. Hahaha. Siapa yang makan kulkas?

Sebagai ormas alias LSM sepak terjang IDI tidak ada yang berani mengontrol. Sama dengan ormas MUI. Dan, tidak tahu penyebabnya, sejak lama IDI memusuhi Terawan.

Terlepas dari kontroversinya dengan dokter Terawan, dunia kedokteran bukanlah dunia berhenti. Ilmu kedokteran terus berkembang. IDI malah menjadi jumud dan menempatkan diri persis seperti MUI. Dan, inilah awal kehancuran IDI sebagai ormas dan LSM, yang memiliki kemiripan perilaku.

 (Penulis: Ninoy Karundeng).

...";comment;0;0;4 years ago;FALSE;FALSE;Sungguh Terharu! Kebaikan Seekor Kucing Melebihi Kebaikan Manusia | Ustadz Abdul Somad;https://www.youtube.com/watch?v=tDfV4Ahtgak;Komentar panjang tidak relevan tentang pemecatan dokter Terawan oleh IDI dan isu politik kedokteran;Spam/Tidak Relevan;negatif;Ustadz Abdul Somad
@suaifsyuaif3761;Allahuaknar;comment;0;0;4 years ago;FALSE;FALSE;Sungguh Terharu! Kebaikan Seekor Kucing Melebihi Kebaikan Manusia | Ustadz Abdul Somad;https://www.youtube.com/watch?v=tDfV4Ahtgak;Ekspresi takbir dengan sedikit salah ketik;Ekspresi Religius;positif;Ustadz Abdul Somad
@acakadulentertainment6026;masya Allah;comment;0;0;4 years ago;FALSE;FALSE;Sungguh Terharu! Kebaikan Seekor Kucing Melebihi Kebaikan Manusia | Ustadz Abdul Somad;https://www.youtube.com/watch?v=tDfV4Ahtgak;Ekspresi kekaguman singkat dengan ucapan masya Allah;Ekspresi Religius;positif;Ustadz Abdul Somad
@finadwingatingasih7861;Assalamualaikum.... pecinta kucing;comment;0;0;4 years ago;FALSE;FALSE;Sungguh Terharu! Kebaikan Seekor Kucing Melebihi Kebaikan Manusia | Ustadz Abdul Somad;https://www.youtube.com/watch?v=tDfV4Ahtgak;Salam kepada sesama pecinta kucing;Komunitas Pecinta Kucing;positif;Ustadz Abdul Somad
@farahuswah7661;"Mashaa Allah Yaa Jabbar
Semuga ank2 saya di tempat kerja mahu pun di rumah..aku mampu memberi makan setiap hari..";comment;0;0;4 years ago;FALSE;FALSE;Sungguh Terharu! Kebaikan Seekor Kucing Melebihi Kebaikan Manusia | Ustadz Abdul Somad;https://www.youtube.com/watch?v=tDfV4Ahtgak;Doa agar anak-anaknya di perantauan dan di rumah selalu bisa makan;Doa untuk Keluarga;positif;Ustadz Abdul Somad
@TRANS74;terimakasih ilmunya;comment;0;0;4 years ago;FALSE;FALSE;Sungguh Terharu! Kebaikan Seekor Kucing Melebihi Kebaikan Manusia | Ustadz Abdul Somad;https://www.youtube.com/watch?v=tDfV4Ahtgak;Ucapan terima kasih atas ilmu yang dibagikan dalam video;Apresiasi;positif;Ustadz Abdul Somad
@NaLcupai;Knp saya setiap mkan selalu dihmpiri kucing lalu saya memberi sisa mkanan saya, dan ketika saya sudah mengsih mknan itu, knp saya berasa tenang dan bhgia, tolong infonya;comment;0;0;4 years ago;FALSE;FALSE;Sungguh Terharu! Kebaikan Seekor Kucing Melebihi Kebaikan Manusia | Ustadz Abdul Somad;https://www.youtube.com/watch?v=tDfV4Ahtgak;Penonton bertanya mengapa selalu merasa tenang dan bahagia setelah memberi makan kucing;Pertanyaan Pengalaman Kucing;positif;Ustadz Abdul Somad
