platform,id,text,screen_name,name,is_verified,account_type,date,retweets,favorites,replies,quotes,views,url,sentiment,emotion,valence,framing
twitter,2024864777261236726,"@muhammadiyah Cuuuaaaann
Ormas mengatasnamakan agama, tp yg diincer duit
1. Tambang
2. MBG

Jd inget omongan @pandji di mens rea",Aya2wa3,Aya wae,false,publik,2026-02-20,0,0,0,0,45,https://twitter.com/Aya2wa3/status/2024864777261236726,skeptis,ejekan_ironi,positive,identitas_agama
twitter,2020027455634043179,@kangdede78 Hmm... jadi kebetulan orang bernama Rizki A. R. W. yg melaporkan Pandji bahwa Mens Rea menistakan agama sebagai perwakilan NU dan Muhammadiyah (diakuikah?) kebetulan juga pelapor Saldi Isra bahwa ia melanggar etik soal dissenting opinion batas usia cawapres? What a coincidence.,sayaataugueaja,Saya,false,publik,2026-02-07,0,0,0,0,51,https://twitter.com/sayaataugueaja/status/2020027455634043179,anti_pandji,tidak_terdeteksi,neutral,identitas_agama
twitter,2018535041694114027,"Terseret Kasus Hukum, Pandji Pragiwaksono (@pandji) Ungkap Alasan Tayangkan Mens Rea di Netflix

Komika senior Pandji Pragiwaksono akhirnya memberikan penjelasan terkait keputusannya merilis pertunjukan spesial bertajuk Mens Rea di platform global Netflix.

Meski penayangan tersebut memicu pro dan kontra hingga berujung pada laporan polisi, Pandji menegaskan bahwa niat utamanya adalah untuk menjangkau audiens yang lebih luas.

Pandji juga mengungkapkan salah satu materi yang dianggap menyinggung suku Toraja, Pandji menyebut bahwa pemilihan platform streaming internasional tersebut adalah langkah strategis sebagai seorang seniman.

​""Ya karena sebagai seorang komika, saya inginnya tentu bisa menghibur seluas-luasnya orang,"" ​kata Pandji usai menjalani pemeriksaan di Bareskrim Mabes Polri pada Senin (2/2/2026).

​Baginya, platform digital seperti Netflix adalah sarana efektif agar karya komedi Tanah Air bisa dinikmati oleh masyarakat secara masif tanpa sekat geografis.

​""Jadi ketika ada kesempatan untuk menghibur masyarakat luas lewat apapun itu, termasuk dalam hal ini Netflix, ya tentu saya akan ambil opsinya. Biar yang lain terhibur. Masyarakat butuh dihibur,"" tutur Pandji.

​Terkait gelombang kritik dan polemik yang menyelimuti Mens Rea, Pandji mengaku sudah memperkirakan akan adanya reaksi dari penonton. Namun, dirinya tak menyangka jika respons yang muncul justru berujung pada perdebatan hukum dan penolakan dari sebagian kelompok.

​""Kalau akan menimbulkan respons sih tentu sudah diperkirakan. Tapi saya memperkirakannya responsnya adalah respons terhibur,"" ujar Pandji.

​Kendati demikian, Pandji memilih untuk tetap tenang dan menghargai setiap opini yang berkembang di masyarakat, baik yang mendukung maupun yang menghujat karyanya.

​""Bahwa pada akhirnya seperti ini, ya saya terima saja dan memang mungkin itu wajar. Siapapun boleh punya pendapat terhadap karya saya,"" imbuhnya.

Karier Pandji saat ini sedang diuji dengan dua permasalahan hukum sekaligus. Selain pemeriksaan di Bareskrim terkait isu suku Toraja, dia juga dilaporkan ke Polda Metro Jaya oleh Angkatan Muda Nahdlatul Ulama (NU) bersama Aliansi Muda Muhammadiyah pada Rabu (7/1/2026).",akuratco,Akuratco,true,media,2026-02-03,1,2,1,0,1881,https://twitter.com/akuratco/status/2018535041694114027,netral,informatif,neutral,hukum_pidana|seni_kebebasan|identitas_agama
twitter,2014516662805135629,"MAHFUD MD JAMIN PANDJI PRAGIWAKSONO TIDAK BISA DIPIDANA! ⚖️🎙️
Menanggapi laporan terhadap materi stand-up Pandji Pragiwaksono bertajuk ""Mens Rea"", Mahfud MD memberikan pembelaan hukum. Ia menegaskan bahwa kritik sosial bukanlah penodaan agama dan ada asas legalitas yang melindungi hak berpendapat tersebut.
Poin Utama Pandangan Mahfud MD:
Hukum Tak Berlaku Surut: Materi dilakukan Des 2025, sedangkan KUHP Baru berlaku Jan 2026.
Bukan Penodaan Agama: Materi Pandji dinilai sebagai literasi politik dan kritik fenomena sosial.
Legitimas Pelapor: PBNU dan PP Muhammadiyah membantah keterlibatan resmi dalam laporan tersebut.
Jaminan Hukum: Mahfud meyakini Pandji akan lolos dari jeratan pidana.
Kebebasan berpendapat adalah pilar demokrasi. Bagaimana tanggapanmu? 👇
#pandjipragiwaksono
#Mahfud
#mensrea
#fypシ゚viral",monitorind,monitorindonesia.com,true,media,2026-01-23,0,0,0,0,55,https://twitter.com/monitorind/status/2014516662805135629,skeptis,kelegaan,positive,hukum_pidana|seni_kebebasan|identitas_agama
twitter,2014120587648499835,@anasurbaningrum agaknya yg pengen menjarain pandji bukan dari kubu yg ngaku NU dan Muhammadiyah tapi dari kubu mr brown sendiri karena banyak jendralnya kesentil kasus dan diledekin di Mens Rea,efyandro,𓆝 𓆟 𓆞 𓆝 𓆟,false,publik,2026-01-21,0,8,0,0,2318,https://twitter.com/efyandro/status/2014120587648499835,netral,tidak_terdeteksi,neutral,identitas_agama
twitter,2013278524845810093,"@Franken_blues @pandji NU ga dukung, Muhamadiyah ga dukung, Gibran ga dukung, Bohir Buzzer buntung 🤣😂🤣
Pandji ? 3 Minggu di puncak Netflix ya kali ga untung ? Harusnya Buzzer minta duitnya ke Pandji Krn udah ngebantu mempertahankan posisi Mens Rea. Itu klo ga malu aja sihh https://t.co/R1OPx3oA9R",reododdyleonard,Bang Bebas,false,publik,2026-01-19,0,7,0,0,961,https://twitter.com/reododdyleonard/status/2013278524845810093,skeptis,tidak_terdeteksi,neutral,seni_kebebasan|identitas_agama
twitter,2011410854261215602,"@BudiBukanIntel Ni habib kyk yg cuman liat potongan2 kecil video mens rea di grup w/a. Yang diomongin pandji  di mens rea (tentang pemimpin harus sholat) gak 'sesempit' itu, klo nangkepnya utuh, bakal kyk ustadz felix, MU, NU, biasa2 aja. Ini kyk ops terselubung buat dibentur2kan.",RieLTjaank,SkyGarden,false,publik,2026-01-14,0,40,0,0,1330,https://twitter.com/RieLTjaank/status/2011410854261215602,netral,tidak_terdeteksi,neutral,identitas_agama
twitter,2011326711582069224,"Lewat ""Jam Pasir"" kali ini, Jaleswari Pramodhawardani (Kepala LAB 45) mengajak kita menilik polemik hukum atas pertunjukan stand-up comedy ""Mens Rea"" karya Pandji Pragiwaksono yang dinilai melukai perasaan sejumlah pihak. Meski PBNU dan PP Muhammadiyah secara tegas menyatakan laporan tersebut bukan sikap resmi organisasi, fenomena ini menjadi lonceng peringatan bagi demokrasi kita: apakah kritik yang dibungkus humor layak langsung diuji di ranah pidana? Esensi mens rea atau niat di balik tindakan seharusnya dipahami sebagai kesadaran untuk berpikir kritis, karena negara tidak akan runtuh karena kritik, melainkan justru melemah ketika mulai takut kepada suara warganya sendiri. Simak selengkapnya, kunjungi tautan berikut: https://t.co/8Ni1EL0KAx

#LAB45 #JamPasir #PandjiPragiwaksono #MensRea #Demokrasi #KebebasanBerpendapat #StandUpComedy #HukumIndonesia #Pandji #StandUp #pidana #kriminalisasi",lab45_,LAB 45,true,media,2026-01-14,1,0,0,0,204,https://twitter.com/lab45_/status/2011326711582069224,skeptis,kelegaan,positive,hukum_pidana|seni_kebebasan|identitas_agama
twitter,2011134763663573505,"Ketua PP Muhammadiyah Angkat Bicara soal Mens Rea Pandji Pragiwaksono | Jurnal KBA.

“Pengkritik ataupun yg dikritik harus bisa mengelola perasaan dan rasio serta pikiran dgn baik agar tetap dapat konsisten dengan misi menegakkan kebaikan dan kebenaran.”

https://t.co/50FClelG10",kba_news,KBA NEWS,false,publik,2026-01-13,1,0,2,0,109,https://twitter.com/kba_news/status/2011134763663573505,netral,tidak_terdeteksi,neutral,identitas_agama
twitter,2011097100940128553,"Majelis Pesantren Salafiyah (MPS) Banten menyatakan sikap tegas akan melaporkan komika Pandji Pragiwaksono ke pihak berwenang. Materi dalam konten 'Mens Rea' dinilai melecehkan ritual ibadah, menyudutkan ormas besar seperti NU dan Muhammadiyah, serta dianggap provokatif. https://t.co/cKEyEX2Qmy",garudanantara,Garudanantara,false,publik,2026-01-13,0,0,0,0,22,https://twitter.com/garudanantara/status/2011097100940128553,anti_pandji,tidak_terdeteksi,neutral,seni_kebebasan|identitas_agama
twitter,2011097045185265829,"Majelis Pesantren Salafiyah (MPS) Banten menyatakan sikap tegas akan melaporkan komika Pandji Pragiwaksono ke pihak berwenang. Materi dalam konten 'Mens Rea' dinilai melecehkan ritual ibadah, menyudutkan ormas besar seperti NU dan Muhammadiyah, serta dianggap provokatif. https://t.co/HWQXeqvjZc",ABBITV_id,Abbi Tv,false,publik,2026-01-13,0,0,0,0,6,https://twitter.com/ABBITV_id/status/2011097045185265829,anti_pandji,tidak_terdeteksi,neutral,seni_kebebasan|identitas_agama
twitter,2011096916244017538,"Majelis Pesantren Salafiyah (MPS) Banten menyatakan sikap tegas akan melaporkan komika Pandji Pragiwaksono ke pihak berwenang. Materi dalam konten 'Mens Rea' dinilai melecehkan ritual ibadah, menyudutkan ormas besar seperti NU dan Muhammadiyah, serta dianggap provokatif. https://t.co/KmqV3N6AEA",imnusantara_,IM NUSANTARA,false,publik,2026-01-13,0,0,0,0,20,https://twitter.com/imnusantara_/status/2011096916244017538,anti_pandji,tidak_terdeteksi,neutral,seni_kebebasan|identitas_agama
twitter,2011082849412329496,"Pandji Pragiwaksono sempat dilaporkan dan diklaim didemo NU–Muhammadiyah usai materi Mens Rea. Faktanya, PBNU dan PP Muhammadiyah lewat akun resmi menegaskan tidak pernah menginstruksikan aksi atau laporan tersebut. 

#pandjipragiwaksono #mensrea #muhammadiyah #nahdhatululama https://t.co/DXpXc8yQFU",langitsenayan,Langit Senayan,false,publik,2026-01-13,0,0,0,0,53,https://twitter.com/langitsenayan/status/2011082849412329496,netral,tidak_terdeteksi,neutral,hukum_pidana|seni_kebebasan|identitas_agama
twitter,2010960885477699687,"Polda Metro Jaya berencana bakal memanggil pihak Nahdlatul Ulama (NU) dan Muhammadiyah berkaitan kasus ""Mens Rea"" Pandji Pragiwaksono.

https://t.co/qCasEcjgL7",indozonemedia,Indozone Media,true,media,2026-01-13,0,0,0,0,89,https://twitter.com/indozonemedia/status/2010960885477699687,netral,tidak_terdeteksi,neutral,hukum_pidana|identitas_agama
twitter,2010864371334070555,"Laporan terhadap komika Pandji Pragiwaksono terkait materi stand up comedy Mens Rea yang tayang di Netflix sempat memicu polemik, setelah Aliansi Muda Muhammadiyah (AMM) dan Angkatan Muda NU menuding adanya unsur penghasutan dan penistaan agama. https://t.co/cHpabtowKo",JEKreac,jekreac,false,publik,2026-01-13,0,0,0,0,37,https://twitter.com/JEKreac/status/2010864371334070555,anti_pandji,tidak_terdeteksi,neutral,hukum_pidana|seni_kebebasan|identitas_agama
twitter,2010860198836257089,"🚨BREAKING NEW : Senin, 
Didalam salah satu pertunjukan mens rea di netflix Pandji Pragiwaksono menyinggung soal politik balas budi.
Pandji menyampaikan bahwa dua organisasi masyarakat terbesar di indonesia yakni Nahdlatul Ulama (NU) dan muhammadiyah menerima izin tambang sebagai bentuk balas budi.
Pandji kini di laporkan ke polda metro jaya oleh kelompok muda NU dan muhammadiyah.

Batas humor 
Pandji komedi bullying
Sumber video : inside",arzeein16,Media Info,true,media,2026-01-12,20,138,160,0,1051,https://twitter.com/arzeein16/status/2010860198836257089,netral,tidak_terdeteksi,neutral,hukum_pidana|seni_kebebasan|identitas_agama
twitter,2010842912276308180,"Ketua PP Muhammadiyah Angkat Bicara soal Mens Rea Pandji Pragiwaksono 

https://t.co/WWNmZChkOM https://t.co/ViM6J3yvYC",UmyRina,𝚄𝚖𝚢 𝚁,false,publik,2026-01-12,0,0,0,0,39,https://twitter.com/UmyRina/status/2010842912276308180,netral,tidak_terdeteksi,neutral,identitas_agama
twitter,2010662626666393889,"Awalnya rame dan nadanya kenceng. Pandji dilaporin AMM bareng angkatan muda NU gara-gara materi stand up Mens Rea di Netflix, dituduh ngasut dan nista agama.

Via : Kompas

#pandjipragiwaksono #mensrea #pbnu #muhammadiyah #hukum https://t.co/10g3CkxMls",pojoksidang,Pojok Sidang,false,publik,2026-01-12,0,0,1,0,47,https://twitter.com/pojoksidang/status/2010662626666393889,netral,tidak_terdeteksi,neutral,hukum_pidana|seni_kebebasan|identitas_agama
twitter,2010558604764717316,"Kepolisian  dinilai tidak perlu menindaklanjuti laporan sejumlah organisasi  kemasyarakatan terkait materi stand up comedy Mens Rea yang dibawakan  komika, Pandji Pragiwaksono.

Direktur  Eksekutif Lingkar Madani, Ray Rangkuti, menilai laporan tersebut tidak  memiliki dasar hukum yang kuat karena tidak ada individu maupun badan  hukum resmi yang secara langsung merasa dirugikan.

“Kalau memakai  aturan yang sekarang, polisi sudah bisa menyatakan bahwa laporan itu  tidak dapat ditindaklanjuti, tanpa harus melakukan pemanggilan kepada  siapa pun. Sebab, pelaporan hanya bisa dilakukan oleh individu atau  badan hukum yang merasa dirugikan,” ujar Ray saat dihubungi, Sabtu  (10/1/2026).

Ray juga menegaskan laporan yang diajukan Angkatan  Muda NU dan Aliansi Muda Muhammadiyah tidak memiliki legitimasi, karena  kedua kelompok tersebut bukan bagian dari struktur resmi Nahdlatul Ulama  maupun Muhammadiyah yang disinggung dalam materi Pandji.

Selain  itu, Wakil Presiden Gibran Rakabuming Raka secara terbuka menolak  pelaporan tersebut, meski dirinya kerap menjadi bahan candaan dalam  pertunjukan Mens Rea.

Menurut Ray, sikap Gibran itu sudah tepat.  Ia menilai langkah hukum justru berpotensi merugikan posisi Gibran di  tengah derasnya kritik publik.",akuratco,Akuratco,true,media,2026-01-12,0,0,0,0,107,https://twitter.com/akuratco/status/2010558604764717316,skeptis,kelegaan,positive,hukum_pidana|seni_kebebasan|identitas_agama
twitter,2010517760309395847,"Respon Mba Yenny Wahid soal Mens Rea & pelaporan Pandji ke Polisi : 

1. Yang kritik bukan hanya Pandji tapi banyak pihak lain. Dan itu udah jadi Konsekuensi NU & Muhammadiyah yg harus mau di’kritik akibat mau nerima tambang. 

2. Kritik terhadap NU & Muhammadiyah enggak boleh di’jadikan bahan ‘tuk dikriminalisasi. 

3. Angkatan Muda NU tidak di’kenal dan tidak mendapat izin & mandat dari organisasi induk (PBNU).",rimapurwasih,Rima Purwasih,true,media,2026-01-12,4,7,0,0,251,https://twitter.com/rimapurwasih/status/2010517760309395847,netral,tidak_terdeteksi,neutral,hukum_pidana|identitas_agama
twitter,2010375249351852449,"Kemudian, media memberitakan tentang laporan hukum Aliansi Muda Muhammadiyah dan  Angkatan Muda NU terhadap Pandji yang membahas izin tambang. Puncaknya adalah tanggal 9 Januari 2026; media-media gencar memberitakan:
- NU dan Muhammadiyah kompak tidak mengakui dua organisasi pemuda tersebut sebagai bagian dari mereka.
- Tokoh masyarakat seperti Mahfud MD, Anwar Abbas, dan Habiburrokhman membela Pandji dan sebagian dari mereka mengutip KUHP baru.
- Muannas Alaidid (PSI) kritik Pandji: Mens Rea lampaui kebebasan berekspresi.
- Polisi sudah memperoleh alat bukti berupa flashdisk dan sedang menganalisanya.",wbharis,Haris Wirabrata,true,media,2026-01-11,0,0,1,0,74,https://twitter.com/wbharis/status/2010375249351852449,pro_pandji,tidak_terdeteksi,neutral,hukum_pidana|seni_kebebasan|identitas_agama
twitter,2010373878217097544,"Bagaimana Media Memberitakan Mens Rea Pandji Pragiwaksono?

TLDR: ""Mens Rea"" oleh Pandji Pragiwaksono diberitakan negatif di awal terkait bahasan fisik wapres Gibran. Lalu, narasi berbelok ke arah laporan hukum pemuda NU dan Muhammadiyan. Tokoh masyarakat membela Pandji dan pemberitaaan terkait Pandji cenderung positif.",wbharis,Haris Wirabrata,true,media,2026-01-11,2,4,1,1,1735,https://twitter.com/wbharis/status/2010373878217097544,pro_pandji,tidak_terdeteksi,neutral,hukum_pidana|identitas_agama
twitter,2010321177382896103,"Usai ramai atas polemik materi komedi Mens Rea dalam tayangan Netflix hingga berimbas pada laporan dari yang mengatasnamakan Aliansi Muda Nahdlatul Ulama dan Muhammadiyah, Pandji Pragiwaksono menyebut dirinya dalam keadaan.... https://t.co/eGniAtTmEz",IndiraNews,Indira News,false,publik,2026-01-11,1,1,1,0,45,https://twitter.com/IndiraNews/status/2010321177382896103,skeptis,tidak_terdeteksi,neutral,seni_kebebasan|identitas_agama
twitter,2010307520250982620,"#intinyadeh Special Show Pandji, Mens Rea, ditayangin di Netflix akhir Desember 2025.

Pandji dilaporin atas tuduhan penghasutan &amp; penistaan agama. Pelapor: Angkatan Muda NU &amp; Aliansi Muda Muhammadiyah

NU &amp; Muhammadiyah: 2 organisasi tsb bkn bagian dr resmi dr NU &amp; Muhammadiyah.",intinyadeh,intinyadeh,true,media,2026-01-11,282,2064,36,12,218845,https://twitter.com/intinyadeh/status/2010307520250982620,anti_pandji,tidak_terdeteksi,neutral,hukum_pidana|seni_kebebasan|identitas_agama
twitter,2010280092036186375,Muhammadiyah Anggap Materi 'Mens Rea' Pandji soal Tambang Kritik Membangun🔥 https://t.co/J5rgwbrOQy,KabarMuh_ID,Kabar Muhammadiyah,false,publik,2026-01-11,0,2,1,0,132,https://twitter.com/KabarMuh_ID/status/2010280092036186375,pro_pandji,kelegaan,positive,seni_kebebasan|identitas_agama
twitter,2010201897807102328,"menurut keyakinan saya, se bodoh bodoh nya org di dunia adalah mereka yang melaporkan mens rea  @pandji
TAPI SUMPAH COK GOBLOK TENAN ALIANSI MUDA NU RO ALIANSI MUDA MUHAMMADIYAH",malaikathemilo,tidak ada salju di sini,false,publik,2026-01-11,0,0,0,0,63,https://twitter.com/malaikathemilo/status/2010201897807102328,pro_pandji,kemarahan,negative,identitas_agama
twitter,2010184906479960069,"Langkah Hukum atas Pandji Pragiwaksono Merugikan Gibran

Kepolisian dinilai tidak perlu menindaklanjuti pelaporan yang dilakukan sejumlah organisasi kemasyarakatan (ormas) terkait materi stand up comedy bertajuk Mens Rea yang dibawakan komika Pandji Pragiwaksono.

Direktur Eksekutif Lingkar Madani, Ray Rangkuti, menilai, laporan tersebut tidak memiliki dasar hukum yang kuat karena tidak ada individu maupun badan hukum resmi yang secara langsung merasa dirugikan oleh materi tersebut.

“Kalau memakai aturan yang sekarang, polisi sudah bisa menyatakan bahwa laporan itu tidak dapat ditindaklanjuti, tanpa harus melakukan pemanggilan kepada siapa pun. Sebab, pelaporan hanya bisa dilakukan oleh individu atau badan hukum yang merasa dirugikan,” ujar Ray saat dihubungi, Sabtu (10/1/2026).

Ray menegaskan, pelaporan yang diajukan oleh Angkatan Muda NU dan Aliansi Muda Muhammadiyah tidak memiliki legitimasi, karena kedua kelompok tersebut bukan bagian dari struktur resmi organisasi Nahdlatul Ulama (NU)maupun Muhammadiyah yang disinggung dalam materi Pandji.

Dengan demikian, menurut Ray, tidak ada kewajiban bagi kepolisian untuk memproses laporan tersebut lebih lanjut.

Terlebih, Wakil Presiden Gibran Rakabuming Raka juga telah secara terbuka menolak pelaporan atas materi tersebut, meskipun dirinya menjadi salah satu tokoh yang paling sering dijadikan bahan candaan dalam pertunjukan Mens Rea.

“NU dan Muhammadiyah sudah menyatakan secara tegas bahwa mereka tidak berhubungan dengan para pelapor. Selesai di situ. Begitu juga dengan Gibran,” ujar Ray.

“Baik Gibran maupun NU dan Muhammadiyah justru menyayangkan adanya pelaporan itu. Artinya, kepolisian memiliki dasar hukum yang kuat untuk menolak laporan tersebut,” sambungnya.

Ray menilai sikap Wakil Presiden Gibran yang menolak pelaporan tersebut sudah tepat. Menurutnya, langkah hukum justru berpotensi merugikan posisi Gibran di tengah derasnya kritik publik.

“Pelaporan itu justru tidak menguntungkan dirinya. Sebaliknya, Gibran—yang menjadi objek terbanyak dalam Mens Rea—akan semakin terpojok jika pelaporan dilanjutkan,” jelas Ray.

Ia menambahkan, langkah hukum terhadap materi komedi justru dapat memperkuat substansi kritik yang disampaikan Pandji.

“Sebab, pelaporan seperti ini seolah membenarkan kritik Pandji. Kritik itu justru akan terlihat semakin kuat jika Gibran membiarkan pelaporan tersebut terjadi,” pungkasnya.",akuratco,Akuratco,true,media,2026-01-11,0,0,0,0,105,https://twitter.com/akuratco/status/2010184906479960069,skeptis,kelegaan,positive,hukum_pidana|seni_kebebasan|identitas_agama
twitter,2009999413197038001,"Harusnya NU dan MU bisa laporin balik nih orang karna udah nipu dan mencemarkan nama baik.

Dari pihak Netflix dan pandji pun bisa laporin balik nih orang karna udah melanggar hak cipta konten mens rea dipindahin ke flashdisk.",Sandi_Pradzzz,kepala sppg,false,publik,2026-01-10,0,4,0,0,514,https://twitter.com/Sandi_Pradzzz/status/2009999413197038001,anti_pandji,tidak_terdeteksi,neutral,seni_kebebasan|identitas_agama
twitter,2009987542813421885,"Ormas Islam dan Tambang
Oleh: Robby Karman (Wakil Ketua MPKSDI PWM Jawa Barat)

Isu soal pengelolaan ormas Islam dan tambang kembali mencuat setelah komika senior Pandji Pragiwaksono mengangkatnya dalam acara Special Show yang bertajuk Mens Rea. Sebenarnya hal ini hanya satu isu dari banyak isu dalam show tersebut. Namun karena ada Aliansi Pemuda yang mengatasnamakan Muhammadiyah dan NU melakukan demo terkait pernyataan Pandji di atas, maka isu ini kembali menarik untuk dibahas. 

Sebenarnya hubungan ormas Islam dengan tambang dari beberapa informasi yang saya pernah baca, sudah ada sejak dulu. Saya pernah dapat cerita, petinggi ormas Islam melakukan kegiatan di salah satu provinsi. Dijemput pakai helikopter. Kira-kira siapa yang bisa punya kendaraan helikopter? Tidak mungkin orang biasa. 

Pernah saya juga baca cerita petinggi ormas Islam protes kepada aparat penegak hukum karena dinilai melakukan kriminalisasi kepada seorang juragan tambang. Dalam pandangan petinggi ormas ini, sang juragan adalah seorang yang baik. Selain itu, dia sudah banyak menyumbang untuk kepentingan dakwah amar makruf nahi munkar dari sebagian keuntungan tambangnya. 

Tentu saja, cerita sebaliknya juga banyak. Ormas Islam menolak tambang juga banyak bisa kita baca beritanya. Jadi dua sisi itu memang ada. Sisi menerima zakat dari pengusaha tambang dan sisi mengkritisi tambang. 

Saya ingin fokus dulu ke sisi yang pertama, yakni hubungan ormas Islam dengan pengusaha tambang. Dimana pengusaha tambang memberikan zakatnya kepada ormas Islam. Selama ini, dengan pola ini tidak ada yang mempermasalahkan. 

Masalah justru muncul ketika ada pihak yang punya keinginan mengubah pola yang selama ini sudah dilakukan. Di mana ormas Islam yang tadinya hanya sebagai penerima zakat atau CSR, sekarang ingin ikut jadi pemain atau pengelola juga. Polemik soal ini mencuat beberapa tahun lalu. Terlihat banyak warganet anggota dan simpatisan ormas Islam bersuara menolak di media sosial. Namun palu sudah diketuk. Ormas Islam besar di Indonesia seperti PBNU, Muhammadiyah dan Persatuan Islam memutuskan untuk menerima. 

Sebagian pihak termasuk saya sendiri, tetap mengusulkan agar penerimaan ini ditinjau kembali.
Alasan saya sebenarnya sederhana saja. Yakni soal fokus. Sebagai organisasi sosial dan keagamaan, maka hendaknya fokus pada dua aspek saja, yakni sosial dan keagamaan, bukan ekonomi. 

Coba lihat organisasi seperti Buddha Tzu Chi. Fokus mereka kepada filantropi dan pendidikan saja. Tapi sumbangan-sumbangan konglomerat masuk ke mereka. Sebenarnya posisi ini sudah paling enak.  Yayasan Buddha Tzu Chi tidak ikut mengelola bisnis konglomerasi. Cukup menerima CSR nya saja. 

Dalam dinamika internal PBNU yang kini sudah kembali berdamai, isu tambang disinyalir menjadi salah satu sumber konflik. Bahkan sempat muncul pernyataan, sebenarnya PBNU ingin mengembalikan saja izin tambang ke pemerintah, tapi gak enak sama pemerintah. 

Di Muhammadiyah sendiri eksekusi tambang belum dimulai. Masih dalam tahapan menuju ke sana. Kabarnya ada banyak sekali pertimbangan untuk sampai pada tahap eksekusi. Misalnya soal AMDAL. 

Hemat saya, jika memang keputusan penerimaan izin tambang tidak bisa ditinjau kembali, namun gaspol jalan terus, maka ada satu hal yang perlu diingat. Ada ungkapan dalam bahasa Inggris, ""the devil is in the detail"". 

Saya cukup mendapatkan info menarik saat menyimak Podcast Akbar Faizal Uncensored dengan Islah Bahrawi. Dalam podcast tersebut, Islah menceritakan bahwa dia coba mempelajari detail draft kontrak tambang antara NU dengan salah satu pengusaha. 

Menurut Islah, setelah dikaji secara mendalam, banyak pasal-pasal yang merugikan NU di dalamnya. Lebih jauh Islah mengatakan bahwa tambang akan dijadikan alay sandera politik bagi PBNU. Nah di sini menurut saya ungkapan bahasa Inggris di atas relevan. The devil is in the detail. Perlu benar-benar hati-hati dalam mempelajari kontraknya. 

(Tulisan ini adalah pendapat pribadi dan tidak mewakili pandangan organisasi).",robby_karman,Robby Karman,false,publik,2026-01-10,0,4,0,0,174,https://twitter.com/robby_karman/status/2009987542813421885,skeptis,tidak_terdeteksi,neutral,hukum_pidana|seni_kebebasan|identitas_agama
twitter,2009898322673447115,"Muhammadiyah's communication is cool because it focuses on values, data, and the goals of da'wah. It's not reactive, not emotional, but focused on solutions and the common good.

Regarding comedian @pandji Mens Rea material, @Muhammadiyah also had no problem with it. https://t.co/su9r6FyhfM",bukupembaharu,Booksmu 📚,false,publik,2026-01-10,489,2880,7,10,98552,https://twitter.com/bukupembaharu/status/2009898322673447115,netral,tidak_terdeteksi,neutral,identitas_agama
twitter,2009898167312232494,"Lalu siapa yang berani mencatut nama PBNU dan Muhammadiyah untuk melaporkan Pandji terkait materi stand up comedy Mens Rea?

==
Anna Amit Shah Ciplukan Tele trila goal gak nih https://t.co/LgQ9MmJuIL",Ruq4yy4,Ruqayya,true,media,2026-01-10,4,19,11,1,941,https://twitter.com/Ruq4yy4/status/2009898167312232494,skeptis,tidak_terdeteksi,neutral,seni_kebebasan|identitas_agama
twitter,2009890987091599827,Muhammadiyah Tegaskan Pelaporan Pandji Pragiwaksono karena Materi Mens Rea Bukan Sikap Resmi Organisasi https://t.co/Ybxtnspt1f https://t.co/4WTlbpLa8D,hypekompascom,Hype Kompas.com,false,publik,2026-01-10,0,0,0,0,101,https://twitter.com/hypekompascom/status/2009890987091599827,skeptis,kelegaan,positive,hukum_pidana|seni_kebebasan|identitas_agama
twitter,2009887790549610651,"Kalo pake logika hukum digital, Pandji bkn creator dlm narasi-narasi ironinya di Mens Rea.

Kalo kutipan narasi yg dia sampaikan salah, tinggal tunjukin aja bener apa ngga Gibran mukanya ngantukan; bnr apa ngga org NU-Muhammadiyah ini ga punya kepentingan politik; bnr apa ngga NU-Muhammadiyah ini ga dpt konsesi tambang HGU atau kursi jabatan?

Kalo terbukti yg disampaikan salah, baru deh tersinggung. Tp ga perlu pidana, Pandji cuma menyampaikan perasaannya, ekspresinya, dan data yg dia baca jg dia ingat. Ini bentuk kebebasan berekspresi, tdk membahayakan. Juga ada jalan namanya restorative justice.

Pls belajar yg bnr uuuu @DivHumas_Polri",lnddwrhy,linda dr,true,publik,2026-01-10,55,295,4,3,45162,https://twitter.com/lnddwrhy/status/2009887790549610651,pro_pandji,tidak_terdeteksi,neutral,hukum_pidana|seni_kebebasan|identitas_agama
twitter,2009880296427270451,"Tanya dulu Pak Polisi
Kapolri @ListyoSigitP
Dan @DivHumas_Polri
Dari Unsur Mana dan Ormas Apa Yg Melaporkan PANDJI Dgn Mens rea nya ?

Krn Ormas Muhammadiyah dan Ormas NU nyatakan tdk ada mengadukan Pandji.

Lalu siapa itu yg jual2 nama Ormas ?
Tangkap !

https://t.co/jIV8kKYRED",ahadnet392613,KasihanRakyat,false,publik,2026-01-10,0,0,0,0,34,https://twitter.com/ahadnet392613/status/2009880296427270451,netral,tidak_terdeteksi,neutral,hukum_pidana|identitas_agama
twitter,2009869164899656181,"Mens Rea by Pandji, seru.

Lebih seru lagi adalah PBNU tegaskan Aliansi Muda NU, yg melaporkan Pandji ke polisi, ternyata bukan bagian dari NU.

Seru, seru.

https://t.co/eNzhiK8PRl",lyndaibrahim,Lynda Ibrahim,false,publik,2026-01-10,0,0,0,0,251,https://twitter.com/lyndaibrahim/status/2009869164899656181,skeptis,ejekan_ironi,positive,hukum_pidana|identitas_agama
twitter,2009852704596599122,"Muhammadiyah menganggap materi stand up comedy Pandji dalam 'Mens Rea' yang menyinggung soal tambang sebagai kritik yang membangun.

https://t.co/AOH7bY9KM8",detikcom,detikcom,true,media,2026-01-10,1,4,0,0,2966,https://twitter.com/detikcom/status/2009852704596599122,netral,tidak_terdeteksi,neutral,seni_kebebasan|identitas_agama
twitter,2009841219065786541,"PP Muhammadiyah-PBNU Kompak Bantah Laporkan Pandji Pragiwaksono Soal Mens Rea 
https://t.co/Gjmon3W0Jn",netralnews,NETRALNEWS,false,publik,2026-01-10,0,0,0,0,44,https://twitter.com/netralnews/status/2009841219065786541,skeptis,kelegaan,positive,identitas_agama
twitter,2009824612004311518,"DI BALIK LAYAR “SANG PELAPOR” PANDJI

Mengatasnamakan angkatan muda NU? PREETTT.

Nama yang muncul: Rizki Abdurrahman Wahid. Tapi siapa sebenarnya dia?

Mari kita bongkar pelan-pelan.

[Error, DMnya, Mens Rea, Pagiii, Budiman Sujatmiko, Mens Rea ] https://t.co/EwLjxehh7u",bung_madin,Bung Madin,false,publik,2026-01-10,4,12,1,0,7539,https://twitter.com/bung_madin/status/2009824612004311518,skeptis,kemarahan,negative,identitas_agama
twitter,2009807409741733946,"Komika Pandji Pragiwaksono dilaporkan ke Polda Metro Jaya oleh Angkatan Muda Nahdlatul Ulama bersama Aliansi Muda Muhammadiyah terrkait materi komedi dalam pertunjukan tunggalnya berjudul “Mens Rea”.

Saat ini, Pandji diketahui sedang berada di New York, Amerika Serikat.
Melalui unggahan di akun Instagram pribadinya pada Jumat (9/1/2026) waktu Indonesia, Pandji menyampaikan bahwa kondisinya dalam keadaan aman dan baik.

“Semua baik-baik saja. Malam ini saya akan makan bersama keluarga,” ujar Pandji.

Pihak kepolisian menyatakan akan lebih dulu melakukan klarifikasi dengan memeriksa pihak terlapor sebelum melangkah ke tahap selanjutnya. Selain itu, saksi-saksi serta barang bukti dari pelapor.

#Berita #PoldaMetroJaya #PandjiPragiwaksono #Mensrea #Viral #standupcomedy #pandjipragiwaksono #kritik",RadioElshinta,Radio Elshinta,true,media,2026-01-10,4,14,1,2,2009,https://twitter.com/RadioElshinta/status/2009807409741733946,netral,informatif,neutral,hukum_pidana|seni_kebebasan|identitas_agama
twitter,2009803928062570604,"Pandji Pragiwaksono Kabarkan Kondisinya usai Dipolisikan karena Mens Rea: Gue Happy & Baik-baik Saja

https://t.co/IbmgLXm6In, JAKARTA - Sadar diriya jadi sorotan usai ramai dipolisikan karena materi pertunjukan stand up comedy bertajuk Mens Rea, Komika Pandji Pragiwaksono muncul. 
Pandji muncul mengabarkan kondisinya saat ini. 

Diketahui, Mens Rea yang dibawakannya cukup menghebohkan publik dan berujung laporan polisi. 
Ia dilaporkan atas dugaan penistaan agama oleh Angkatan Muda Nahdlatul Ulama (NU) bersama Aliansi Muda Muhammadiyah.
Bagaimana kabar komedian sekaligus aktor Pandji Pragiwaksono terkini? 

Saat di tanah air materi stand up Mens Rea membuat heboh, Pandji Pragiwaksono kabarkan dirinya sedang tidak di Indonesia. 
Bintang film Mendarat Darurat itu mengaku melalui instagram story di akunnya ungkap bahwa dirinya saat ini tidak berada di Tanah Air. 

Ia menyebut sedang berada di New York dan terlihat santai tanpa menunjukkan tekanan atas polemik yang berkembang.
“Gue lagi di New York. Semoga lo sehat, lo baik-baik saja,” kata Pandji Pragiwaksono dikutip https://t.co/UusWryBYsz, Jumat (9/1/2026).
Saat kondisinya baik-baik saja, tak lupa Pandji mengucap syukur dan terimakasih karena menerima banyak doa serta dukungan.

“Gue cuma mau bilang terima kasih untuk doanya, dukungannya,"" bebernya.
""Banyak banget yang doain yang baik-baik ke gue. Gue juga baik-baik saja,” ujar Pandji.
Ayah dua anak itu turut menyampaikan apresiasi kepada para penonton yang tetap menghargai karya stand up comedy yang ia bawakan. 

#Pandjipragiwaksoni #Mensrea #Polisi #Trending #Beritaterkini

Sumber : https://t.co/MXBWmFBDP6",DewataModerat_,Dewata Moderat,true,media,2026-01-10,0,0,0,0,120041,https://twitter.com/DewataModerat_/status/2009803928062570604,anti_pandji,kelegaan,positive,hukum_pidana|seni_kebebasan|identitas_agama
twitter,2009637661280248075,"Pimpinan Pusat Pemuda Muhammadiyah menegaskan tidak terlibat dalam pelaporan komika Pandji Pragiwaksono ke kepolisian.

Ketua Umum Pemuda Muhammadiyah Dzulfikar Ahmad Tawalla, menyatakan bahwa kelompok yang menggunakan nama Aliansi Muda Muhammadiyah bukanlah bagian dari struktur resmi Muhammadiyah.

Dzulfikar menekankan bahwa organisasi tidak keberatan selama pelaporan tidak mengatasnamakan Pemuda Muhammadiyah.

""Kalau mengatasnamakan siapa saja orang kalau alumni Muhammadiyah (bisa saja). Tapi kalau ortom, enggak, enggak. Kita tidak tahu, kita bukan bagian dari yang melapor itu,"" kata Dzulfikar, Jumat (9/1/2026).

Sebelumnya, Pandji Pragiwaksono resmi dilaporkan ke Polda Metro Jaya terkait dugaan pencemaran nama baik buntut materi stand up comedy yang ia bawakan dalam acara Mens Rea.

https://t.co/bdFTEemghw

Editor: Syifa Asha Wijayanti
Naskah: Rafika

#PemudaMuhammadiyah #PandjiPragiwaksono #PoldaMetroJaya #PencemaranNamaBaik #StandUpComedy #MensRea #OrganisasiMasyarakat #IsuHukum #BeritaNasional #SINDOnews",SINDOnews,SINDOnews,true,media,2026-01-09,0,0,0,0,263,https://twitter.com/SINDOnews/status/2009637661280248075,skeptis,kelegaan,positive,hukum_pidana|seni_kebebasan|identitas_agama
twitter,2009622436652945740,"Komika Pandji Pragiwaksono membagikan kondisi terkininya usai dilaporkan imbas materi stand up comedy, Mens Rea. Dalam unggahan terbarunya, ia mengungkap kondisinya yang kini berada di New York, Amerika Serikat. 

Pandji mengatakan dirinya baik-baik saja dan mendapat banyak dukungan dari masyarakat Indonesia. ""Terima kasih dukungannya, doanya, banyak banget yang doain baik-baik ke gua. Gue baik-baik saja di New York, abis ngisi siaran dan sekarang mau balik ke rumah,"" jelas Pandji di Instagram-nya @pandjipragiwaksono, Jumat (9/1/2026).

Pandji mengucapkan banyak terima kasih atas dukungan yang diberikan masyarakat Tanah Air untuk dirinya. Ia juga tak membahas perihal dirinya yang dilaporkan imbas stand up comedy-nya tersebut.

""Semoga lo juga sehat dan baik-baik saja. Terima kasih sudah mencintai kesenian stand up comedy,"" ucap Pandji.

Sekadar informasi, Pandji dilaporkan oleh Angkatan Muda Nahdlatul Ulama dan Aliansi Muda Muhammadiyah. Kedua organisasi itu melaporkan sang komika atas kasus dugaan penghasutan dan penistaan agama ke Polda Metro Jaya dengan nomor register LP/B/166/I/2026/SPKT/POLDA METRO JAYA, pada 8 Januari 2026.

Baca Selengkapnya di
https://t.co/qBT7CBtNt7

Editor: Syifa Asha Wijayanti
Naskah: Yova

#PandjiPragiwaksono #ResponsPandji #MensRea #UpdatePandji #UpdateKasusPandji #NewYork #SINDONews",SINDOnews,SINDOnews,true,media,2026-01-09,0,3,1,0,673,https://twitter.com/SINDOnews/status/2009622436652945740,anti_pandji,kelegaan,positive,hukum_pidana|seni_kebebasan|identitas_agama
twitter,2009616130139382223,"Polda Metro Jaya mengusut laporan yang dilayangkan terhadap komika Pandji Pragiwaksono terkait materi stand up comedy dalam pertunjukan Mens Rea. 

Polisi telah mengantongi tiga barang bukti yang diserahkan pelapor. Laporan itu dilayangkan kelompok yang mengatasnamakan Angkatan Muda Nahdlatul Ulama (NU) dan Aliansi Muda Muhammadiyah.

""Barang bukti yang diberikan kepada penyelidik pada saat yang bersangkutan membuat laporan,"" ujar Kasubbid Penmas Bid Humas Polda Metro Jaya Kombes Reonald Simanjuntak kepada wartawan, Jumat (9/1/2026). 

Ketiga bukti yang telah dikantongi yakni flashdisk berisi rekaman pernyataan Pandji dalam Mens Rea, screen capture, hingga dokumen.

Baca selengkapnya: https://t.co/lrrQLe4Miy 

#StandUp #MensRea #PandjiPragiwaksono #Polisi #BeritaHariIni #iNews",officialinews_,iNews,true,media,2026-01-09,0,0,0,0,174,https://twitter.com/officialinews_/status/2009616130139382223,skeptis,informatif,neutral,hukum_pidana|seni_kebebasan|identitas_agama
twitter,2009614886318293309,"Ketua Lembaga Bantuan Hukum dan Advokasi Publik Pimpinan Pusat Muhammadiyah, Taufiq Nugroho, menegaskan bahwa Muhammadiyah memandang kritik sebagai bagian dari upaya membangun.

Pernyataan tersebut disampaikan Taufiq menanggapi pernyataan komika Pandji Pragiwaksono yang menyinggung isu Muhammadiyah menerima izin konsesi tambang.

Taufiq menyebut, meskipun Pandji sempat menyinggung soal izin tambang, hal itu tetap dianggap sebagai kritik yang membangun.

Ia menegaskan bahwa Muhammadiyah tidak merasa tersinggung dengan pernyataan tersebut.

Terkait izin usaha pertambangan, Taufiq menjelaskan bahwa hingga saat ini Muhammadiyah belum menerima izin tambang seperti yang dijanjikan pemerintah.

Ia menegaskan fakta tersebut untuk meluruskan berbagai asumsi yang beredar di ruang publik.

Taufiq juga menanggapi pemberitaan soal pelaporan Pandji ke Polda Metro Jaya oleh pihak yang mengatasnamakan Angkatan Muda NU dan Aliansi Muda Muhammadiyah.

Ia menegaskan bahwa pelaporan tersebut bukan merupakan sikap resmi Muhammadiyah.

Menurutnya, tidak ada perintah atau keputusan dari Pimpinan Pusat Muhammadiyah untuk melaporkan Pandji ke kepolisian.

Taufiq bahkan menegaskan bahwa dalam struktur organisasi Muhammadiyah tidak dikenal entitas bernama Aliansi Muda Muhammadiyah.

Ia menduga ada pihak tertentu yang memanfaatkan nama besar Muhammadiyah untuk kepentingan pribadi atau kelompok.

Sebelumnya, Pandji Pragiwaksono dilaporkan ke Polda Metro Jaya terkait materi komedi bertajuk Mens Rea.

Laporan tersebut dilayangkan pada 7 Januari 2026 dengan dugaan pencemaran nama baik.

Pelapor menilai materi komedi Pandji menimbulkan kegaduhan dan berpotensi memecah belah masyarakat.

Muhammadiyah menegaskan komitmennya untuk menjaga ruang kritik yang sehat dalam kehidupan demokrasi.
.
.

Selengkapnya di Melihat Indonesia

#muhammadiyah #pandjipragiwaksono #tambang #kritik",Melihat_Indo,Melihat Indonesia,true,media,2026-01-09,2,1,0,0,108,https://twitter.com/Melihat_Indo/status/2009614886318293309,skeptis,informatif,neutral,hukum_pidana|seni_kebebasan|identitas_agama
twitter,2009606078435377359,"Guru Besar Fakultas Hukum Universitas Islam Indonesia, Mahfud MD, menilai materi stand up comedy berjudul Mens Rea yang dibawakan Pandji Pragiwaksono tidak dapat dipidana berdasarkan Kitab Undang-Undang Hukum Pidana yang baru.

Mahfud menyatakan, meskipun materi tersebut dianggap menghina Wakil Presiden Gibran Rakabuming, kasus Pandji tidak memenuhi unsur pidana dalam KUHP yang berlaku saat ini.

Ia menjelaskan bahwa KUHP baru mulai berlaku pada 2 Januari 2026.

Sementara itu, Mahfud menegaskan bahwa materi Mens Rea disampaikan Pandji pada Desember 2025 dan hanya ditayangkan pada Januari 2026.

Menurut Mahfud, penilaian hukum pidana didasarkan pada waktu terjadinya perbuatan, bukan waktu penayangan.

Dengan demikian, peristiwa hukum dalam kasus Pandji terjadi sebelum KUHP baru berlaku.

Mahfud menilai hal tersebut menjadi alasan kuat bahwa Pandji tidak dapat dijerat hukum pidana.

Ia bahkan meminta Pandji tidak khawatir dan menyatakan siap memberikan pembelaan jika diperlukan.

Sebelumnya, Pandji Pragiwaksono dilaporkan ke Polda Metro Jaya oleh kelompok yang mengatasnamakan Angkatan Muda Nahdlatul Ulama dan Aliansi Muda Muhammadiyah.

Laporan tersebut terkait dugaan pencemaran nama baik atas materi komedi Mens Rea.

Pelapor menilai materi tersebut menghina, menimbulkan kegaduhan, serta berpotensi memecah belah masyarakat.

Kasus ini kemudian memicu perdebatan publik terkait batas antara kritik, satire, dan penghinaan dalam hukum pidana Indonesia.
.
.
Selengkapnya di Melihat Indonesia

#mahfudmd #pandjipragiwaksono #MensRea #KUHPBaru",Melihat_Indo,Melihat Indonesia,true,media,2026-01-09,0,0,0,0,181,https://twitter.com/Melihat_Indo/status/2009606078435377359,skeptis,informatif,neutral,hukum_pidana|seni_kebebasan|identitas_agama
twitter,2009586675882889353,"Sikap Muhammadiyah jelas tidak mempermasalahkan materi stand up Mens Rea Pandji 
https://t.co/HYVrkHvjxz",bukupembaharu,Booksmu 📚,false,publik,2026-01-09,1,4,1,0,317,https://twitter.com/bukupembaharu/status/2009586675882889353,netral,tidak_terdeteksi,neutral,seni_kebebasan|identitas_agama
twitter,2009584933195645143,"Komika Pandji Pragiwaksono dilaporkan ke Polda Metro Jaya atas dugaan penghasutan di muka umum dan dugaan penistaan agama terkait materi stand up comedy dalam show bertajuk Mens Rea. Pelapor mengatasnamakan diri sebagai Angkatan Muda Nahdlatul Ulama dan Aliansi Muda Muhammadiyah.

Apa alasan Pandji dilaporkan? Dan bagaimana sikap dari PP Muhammadiyah serta Pengurus Besar Nahdlatul Ulama terkait kasus pelaporan ini? Geser slide sampai habis untuk penjelasan selengkapnya.

| Narasi Daily",NarasiNewsroom,Narasi Newsroom,true,media,2026-01-09,28,128,28,0,7322,https://twitter.com/NarasiNewsroom/status/2009584933195645143,skeptis,informatif,neutral,hukum_pidana|seni_kebebasan|identitas_agama
twitter,2009581584324956418,"Rizki Abdul Rahman Wahid yang mengatasnamakan Presidium Angkatan Muda NU mengaku melaporkan Pandji Pragiwaksono ke Polda Metro Jaya pada Rabu 7 Januari 2026 terkait materi stand up comedy Mens Rea yang menyinggung konsesi tambang.

#PBNU #GusUlil #PandjiPragiwaksono",alineadotid,Alineadotid,false,publik,2026-01-09,0,0,0,0,189,https://twitter.com/alineadotid/status/2009581584324956418,skeptis,informatif,neutral,hukum_pidana|seni_kebebasan|identitas_agama
twitter,2009581143277146120,"Pandji Pragiwaksono resmi dilaporkan ke polisi oleh pihak yang mengatasnamakan Angkatan Muda NU dan Aliansi Pemuda Muhammadiyah.

​Laporan ini buntut dari materi komedi dalam tayangan ""Mens Rea"" yang dinilai merendahkan. Polisi menyebut rekaman tayangan itu menjadi barang bukti dugaan penistaan agama.

Namun, Pengurus Besar Nadhlatul Ulama (PBNU) dan Pimpinan Pusat (PP) Muhammadiyah sama-sama menyatakan pelapor bukan bagian resmi dan tak mempresentasikan sikap organisasi.

Gimana menurut kalian?

#PandjiPragiwakosono #MensRea #NU #Muhammadiyah #Polisi #FGMedia #FGNewsUpdate",officialfgmedia,FG Media Official,true,media,2026-01-09,0,0,0,0,112,https://twitter.com/officialfgmedia/status/2009581143277146120,skeptis,informatif,neutral,hukum_pidana|seni_kebebasan|identitas_agama
twitter,2009580177291120763,@chocowildberry @TJ_kreem @iPopBase itu kak ada pendemo mengatasnamakan aliansi muda NU dan Aliansi Muda Muhammadiyah buat nuntut acara mens rea - pandji yang tayang di Aplikasi Netflix. nah dari NU dan Muhammadiyah tidak mengakui aliansi tersebut yg sedang berdemo.,rolliepollied,cathy,false,publik,2026-01-09,1,3,0,0,135,https://twitter.com/rolliepollied/status/2009580177291120763,skeptis,tidak_terdeteksi,neutral,seni_kebebasan|identitas_agama
twitter,2009574617715970313,"Polda Metro Jaya mulai menindaklanjuti laporan dugaan penistaan agama yang menyeret komika Pandji Pragiwaksono terkait materi stand up comedy bertajuk Mens Rea. Kepolisian memastikan proses penyelidikan akan dilakukan secara profesional dan transparan.

Kasubbid Penmas Bidhumas Polda Metro Jaya, Kombes Reonald Simanjuntak, menyatakan penyelidik akan memanggil sejumlah pihak untuk dimintai klarifikasi dalam tahap awal penanganan perkara.

""Penyelidik akan melakukan klarifikasi kepada masing-masing yang bersangkutan. Baik Pelapor, Saksi, maupun Saudara Terlapor,"" ujar Kasubbid Penmas Bidhumas Polda Metro Jaya Kombes Reonald Simanjuntak kepada wartawan, Jumat (9/1/2026).

Ia menjelaskan, pemeriksaan saat ini difokuskan terlebih dahulu kepada pelapor dan saksi-saksi yang diajukan. Selain itu, penyidik juga akan menelaah barang bukti yang telah diserahkan, termasuk rekaman materi Mens Rea yang tersimpan dalam flashdisk.

""Nanti kalau nanti hasilnya akan dilakukan gelar perkara, apakah ada unsur pidana atau tidak, nanti kita akan lihat dari hasil penyelidikan,"" ucap reonald.

Reonald menegaskan seluruh proses penanganan laporan akan berjalan sesuai ketentuan hukum yang berlaku.

""Setiap penyelidikan mengenai tindak pidana yang dilakukan oleh jajaran Reserse Polda Metro Jaya dijamin pasti akan profesional, transparan, dan akuntabel,"" terang dia.

Laporan terhadap Pandji diketahui dilayangkan oleh Angkatan Muda Nahdlatul Ulama (NU) bersama Aliansi Muda Muhammadiyah. Pelapor menilai materi yang disampaikan dalam pertunjukan tersebut berpotensi menimbulkan kegaduhan serta memicu perpecahan di tengah masyarakat.

Pandji dilaporkan dengan sangkaan Pasal 300 dan/atau Pasal 301 KUHP serta Pasal 242 dan/atau Pasal 243 KUHP. Laporan itu tercatat dengan nomor LP/B/166/I/2026/SPKT/POLDA METRO JAYA tertanggal 8 Januari 2026.

""Tentang dugaan penghasutan di muka umum dan dugaan penistaan agama berkaitan dengan pernyataan dalam sebuah acara bertajuk 'Mens Rea',"" kata Kabid Humas Polda Metro Jaya Kombes Budi Hermanto, Kamis 8 Januari 2026.
.
.

Selengkapnya di Melihat Indonesia

#poldametrojaya #pandjipragiwaksono #mensrea",Melihat_Indo,Melihat Indonesia,true,media,2026-01-09,0,1,0,0,156,https://twitter.com/Melihat_Indo/status/2009574617715970313,anti_pandji,informatif,neutral,hukum_pidana|seni_kebebasan|identitas_agama
twitter,2009572403102532061,"Ketua Pengurus Besar Nahdlatul Ulama (PBNU) KH Ulil Abshar Abdalla menegaskan, aliansi yang mengatasnamakan Angkatan Muda Nahdlatul Ulama yang melaporkan komika Pandji Pragiwaksono ke Polda Metro Jaya bukan bagian dari PBNU.

Komika Pandji Pragiwaksono dilaporkan ke Polda Metro Jaya terkait dugaan penghasutan di muka umum dan penistaan agama karena materi pertunjukan komedi tunggalnya (stand-up comedy) yang berjudul Mens Rea. Laporan itu teregister dengan nomor LP/B/166/I/2026/SPKT/POLDA METRO JAYA tertanggal 8 Januari 2026.

Gus Ulil mengatakan, tidak ada lembaga, badan otonom NU, maupun perkumpulan NU yang bernama Angkatan Muda NU.

""Kalau representasi PBNU jelas tidak,"" kata Gus Ulil dikutip dari media resmi PBNU, NU Online, Jumat (9/1).

📸: Dok. LTN PBNU.

Baca selengkapnya dengan klik link di bio. Cari tahu berita update lainnya dengan download aplikasi kumparan di App Store atau Google Play.⁠

#newsupdate #update #news #oneliner #pbnu #gusulil #angkatanmudanu #info #infoterkini #berita #beritaterkini #bicarafaktalewatberita #kumparan",kumparan,kumparan,true,media,2026-01-09,15,44,12,5,8833,https://twitter.com/kumparan/status/2009572403102532061,skeptis,informatif,neutral,hukum_pidana|seni_kebebasan|identitas_agama
twitter,2009566591885963627,"Komika Arie Kriting angkat bicara membela Pandji Pragiwaksono yang baru saja dilaporkan ke Polda Metro Jaya oleh Aliansi Muda Muhammadiyah dan Angkatan Muda NU terkait materi komedi di pertunjukan Mens Rea.

Arie menegaskan bahwa rasa tersinggung tidak seharusnya menjadi dasar hu https://t.co/Agsb4Vg3sS",transmedsos,Trans Media Sosial,false,publik,2026-01-09,1,3,4,0,9195,https://twitter.com/transmedsos/status/2009566591885963627,pro_pandji,informatif,neutral,hukum_pidana|seni_kebebasan|identitas_agama
twitter,2009562163795644831,"Polda Metro Jaya mengonfirmasi telah mengantongi tiga barang bukti dalam penanganan laporan dugaan penghasutan terhadap komika Pandji Pragiwaksono terkait materi Mens Rea. Bukti tersebut diserahkan oleh pelapor dan kini tengah dianalisis penyelidik.

""Barang bukti yang diberikan kepada penyelidik pada saat yang bersangkutan membuat laporan, pertama satu buah digital flashdisk USB berisi tentang rekaman dari pernyataan-pernyataan tersebut,"" kata Kasubbid Penmas Bid Humas Polda Metro Jaya Kombes Reonald Simanjuntak, Jumat (9/1/2026).

Laporan diketahui diajukan oleh Angkatan Muda Nahdlatul Ulama bersama Aliansi Muda Muhammadiyah, dengan dalih materi komedi dinilai melampaui batas hiburan dan memicu kegaduhan publik.

https://t.co/8J1H1hPc5H

Editor: Syifa Asha Wijayanti
Naskah: Rafika

#PoldaMetroJaya #PandjiPragiwaksono #MensRea #DugaanPenghasutan #KasusHukum #Jakarta #SindoNews #BeritaTerkini #BeritaViral",SINDOnews,SINDOnews,true,media,2026-01-09,0,0,0,0,444,https://twitter.com/SINDOnews/status/2009562163795644831,netral,informatif,neutral,hukum_pidana|seni_kebebasan|identitas_agama
twitter,2009559371043438712,"Pandji menghina adat budaya agama di Toraja,ttg hal ikhwal kaitan""rambu solok""ttg jenazah klg disana=SARA
Pandji mengolok ormas agama NU dan Muhammadiyah masalah operasional tambang hibah pemerintah,padahal itu legacy jokowi yg tak dipermasalahkan pemerintahan&amp;ormas=SARA
MENS REA https://t.co/mv676Danty",anonimman137997,M_Hikmah_El Capitano💪☕🇮🇩🇵🇸,false,publik,2026-01-09,0,0,1,0,89,https://twitter.com/anonimman137997/status/2009559371043438712,anti_pandji,tidak_terdeteksi,neutral,identitas_agama
twitter,2009556377845526604,Pandji Pragiwaksono Dilaporkan ke Polisi Buntut Materi Show 'Mens Rea' yang Singgung Dugaan Skandal NU dan Muhammadiyah https://t.co/GpP9iRHGSY,JurnalNews_ID,JurnalNews.id,false,publik,2026-01-09,0,0,0,0,37,https://twitter.com/JurnalNews_ID/status/2009556377845526604,netral,tidak_terdeteksi,neutral,hukum_pidana|seni_kebebasan|identitas_agama
twitter,2009550720157299041,"Polisi akan memeriksa komika Pandji Pragiwaksono terkait dugaan penistaan agama dari materi stand up 'Mens Rea'. Pelaporan dilakukan oleh AMNU dan Muhammadiyah.

https://t.co/p5mEPssiuW",detikcom,detikcom,true,media,2026-01-09,0,1,0,0,2299,https://twitter.com/detikcom/status/2009550720157299041,anti_pandji,tidak_terdeteksi,neutral,hukum_pidana|seni_kebebasan|identitas_agama
twitter,2009544428009242932,"Komika Pandji Pragiwaksono dilaporkan ke Polda Metro Jaya atas dugaan pencemaran nama baik terkait materi stand-up comedy yang ia bawakan dalam acara Mens Rea. Laporan tersebut terdaftar dengan nomor LP/B/166/I/2026/SPKT/POLDA METRO JAYA tertanggal 8 Januari 2026.
.
Laporan itu diajukan oleh Angkatan Muda Nahdlatul Ulama (NU) bersama Aliansi Muda Muhammadiyah. Pelapor sekaligus Presidium Angkatan Muda NU, Rizki Abdul Rahman Wahid, menyebut laporan dibuat karena materi komedi Pandji dinilai merendahkan dan memicu kegaduhan di ruang publik.
.
Sementara itu, Pandji memberikan respons santai dan menyebut bahwa kondisinya di New York, Amerika Serikat saat ini baik-baik saja. Ia pun menyampaikan terima kasih pada orang-orang yang memberikan doa-doa baik untuknya.
.
#PandjiPragiwaksono #MensRea #NU",pikiran_rakyat,Pikiran Rakyat,true,media,2026-01-09,1,4,0,0,844,https://twitter.com/pikiran_rakyat/status/2009544428009242932,netral,informatif,neutral,hukum_pidana|seni_kebebasan|identitas_agama
twitter,2009543529492885769,"Ngeriiinya JD org baik dinegeri sendiri 

ワンダーランド Termul Sore Arsenal Kamin
Olla Menteri Agama Pandji Oppo Reno15 Series Mens Rea Yaqut Cholil Qoumas Muhammadiyah BREAKING NEWS Yuli",ee_donaaa,donaaa,false,publik,2026-01-09,0,0,0,0,132,https://twitter.com/ee_donaaa/status/2009543529492885769,netral,penghinaan,negative,identitas_agama
twitter,2009543385653375115,"Kawal... 

ワンダーランド Termul Sore Arsenal Kamin
Olla Menteri Agama Pandji Oppo Reno15 Series Mens Rea Yaqut Cholil Qoumas Muhammadiyah BREAKING NEWS Yuli",ee_donaaa,donaaa,false,publik,2026-01-09,0,0,0,0,68,https://twitter.com/ee_donaaa/status/2009543385653375115,netral,penghinaan,negative,identitas_agama
twitter,2009542408221159530,"Dua organisasi yakni Aliansi Muda NU dan Aliansi Muda Muhammadiyah melaporkan Pandji Pragiwaksono ke polisi terkait materi stand up comedy di pertunjukan 'Mens Rea' yang menyebut menerima konsesi tambang dari pemerintah sebagai wujud politik balas budi.

https://t.co/yavnMhSTB5",tribunnews,Tribunnews.com,true,media,2026-01-09,0,1,0,0,376,https://twitter.com/tribunnews/status/2009542408221159530,netral,tidak_terdeteksi,neutral,hukum_pidana|seni_kebebasan|identitas_agama
twitter,2009542299383169055,"Kalo gak diusut pusatnya.. maka korbannya bakalan makin nambah 

Olla Menteri Agama Pandji Oppo Reno15 Series Mens Rea Yaqut Cholil Qoumas Muhammadiyah BREAKING NEWS",alone_c0,alone,false,publik,2026-01-09,0,0,0,0,54,https://twitter.com/alone_c0/status/2009542299383169055,netral,tidak_terdeteksi,neutral,identitas_agama
twitter,2009542080541196617,"Kasus yg sangat aneh 

Olla Menteri Agama Pandji Oppo Reno15 Series Mens Rea Yaqut Cholil Qoumas Muhammadiyah BREAKING NEWS",alone_c0,alone,false,publik,2026-01-09,0,0,0,0,76,https://twitter.com/alone_c0/status/2009542080541196617,netral,kekhawatiran,negative,identitas_agama
twitter,2009541628541936097,"Selamat Sore 

Ketua PP Muhammadiyah, Buya Anwar Abas tegas tidak baper atas materi Mens Rea @pandji dan protes aliansi muda bukan bagian dari Muhammadiyah 
Respect @muhammadiyah  💙

source: Threads https://t.co/qmjRRllesm",bukupembaharu,Booksmu 📚,false,publik,2026-01-09,7,38,1,2,3212,https://twitter.com/bukupembaharu/status/2009541628541936097,skeptis,dukungan,positive,seni_kebebasan|identitas_agama
twitter,2009541166010954077,@Sandika_Noor @pandji Knapa g punya legal standing? karena yang diomongin di mens rea adalah organisasi resmi NU dan Muhammadiyah yang diberi hak mengelola tambang,RezaMukhamad1,Reza Mukhamad,false,publik,2026-01-09,0,0,0,0,55,https://twitter.com/RezaMukhamad1/status/2009541166010954077,netral,tidak_terdeteksi,neutral,identitas_agama
twitter,2009539217958019544,"‼️📝 Key Point Pelaporan Pandji Pragiwaksono Terkait Materi Mens Rea

🟡 Pandji bikin stand up comedy bertajuk 'Mens Rea' yang isi materinya kritik politik Indonesia dan rilis di Netflix tgl 27 Desember 2025. 

🟡 Rabu (7/1/26) malam, Pandji dilaporkan ke Polda Metro Jaya atas dugaan pencemaran nama baik.
➡️ Dilaporkan dgn Pasal Penghasutan dan Penistaan Agama, ancaman pidana maksimal 3-4 tahun penjara.

🟡 Pelapornya 2 organisasi kepemudaan NU dan Muhammadiyah: Angkatan Muda Nahdlatul Ulama & Aliansi Muda Muhammadiyah
➡️ Pihak NU dan Muhammadiyah: kedua organisasi tsb bukan organisasi resmi dari masing2 instansi.

🟡 Materi yang dipermasalahkan:
➡️ NU dan Muhammadiyah terlibat dalam pengelolaan tambang sebagai politik balas budi.
➡️ Pemilihan pemimpin hanya berdasarkan aspek ibadah. Dianggap merendahkan nilai ibadah dlm ajaran Islam.
➡️ Stereotip etnis Sunda yg punya kecenderungan milih pemimpin dari kalangan artis.

📰 Kompas",poin_opini,Poin & Opini,false,publik,2026-01-09,58,269,12,4,60735,https://twitter.com/poin_opini/status/2009539217958019544,anti_pandji,informatif,neutral,hukum_pidana|seni_kebebasan|identitas_agama
twitter,2009532328264311187,buzzer bodoh yang kemarin demo nuntut Mens Rea-nya Pandji tapi mengatasnamakan Muhammadiyah tuh kira2 malu gak ya? lu tuh bukan part of Muhammadiyah tapi dragging nama Muhammadiyah buat kerjaan lu as penyembah rezim. beneran ga waras semua ternak mulyono ini 😂🫵,heydaisy___,𝐔 || 𝐄𝐜𝐡𝐨𝐞𝐬 𝐁𝐞𝐭𝐰𝐞𝐞𝐧 𝐔𝐬 ✨ ʀᴏʟᴏ ɪs ᴄᴏᴍɪɴɢ ✨,false,publik,2026-01-09,0,0,0,0,30,https://twitter.com/heydaisy___/status/2009532328264311187,skeptis,dukungan,positive,identitas_agama
twitter,2009532202489614561,"Waoh !!!Polisi akan memeriksa komika Pandji Pragiwaksono terkait dugaan penistaan agama dari materi stand up 'Mens Rea'. Pelaporan dilakukan oleh AMNU dan Muhammadiyah.

 https://t.co/LNJlcdpJa8",alboy_aboe,holy man,false,publik,2026-01-09,1,0,0,0,40,https://twitter.com/alboy_aboe/status/2009532202489614561,anti_pandji,tidak_terdeteksi,neutral,hukum_pidana|seni_kebebasan|identitas_agama
twitter,2009528063705469248,"Gibran Minta Kasus Pandji Tak Dibesar-besarkan: Kritik di Panggung Komedi Itu Wajar

Komika Pandji Pragiwaksono menjadi sorotan publik setelah materi stand up comedy bertajuk Mens Rea yang dibawakannya menyinggung Wakil Presiden RI, Gibran Rakabuming Raka.

Materi tersebut memicu pelaporan ke Polda Metro Jaya oleh kelompok yang mengatasnamakan Anak Muda Nahdlatul Ulama (NU) dan Muhammadiyah, dengan tudingan pencemaran nama baik serta penyebaran konten provokatif.

Menanggapi polemik tersebut, Wakil Presiden Gibran Rakabuming Raka menilai persoalan itu tidak perlu dibesar-besarkan.

Ia menegaskan bahwa kritik dan evaluasi terhadap pemerintah merupakan hal yang wajar dalam ruang publik.

“Gak usah lapor-lapor lah, kritik evaluasi itu biasa,” ujar Gibran, Jumat (9/1/2026).

Sebelumnya, salah satu materi Pandji yang ramai diperbincangkan adalah saat ia melakukan roasting terhadap ekspresi Gibran di atas panggung.

Dalam pertunjukan Mens Rea, Pandji menyinggung fenomena pemilih yang menilai pemimpin dari penampilan fisik.

“Ada yang milih pemimpin berdasarkan tampang, banyak. Ganjar ganteng ya, Anies manis ya,” ucap Pandji.

Candaan tersebut kemudian mengarah ke sosok Gibran.

Pandji menyebut ekspresi Wakil Presiden terkesan mengantuk, yang langsung disambut tawa penonton namun memicu pro dan kontra di ruang publik.",akuratco,Akuratco,true,media,2026-01-09,0,1,0,0,136,https://twitter.com/akuratco/status/2009528063705469248,skeptis,tidak_terdeteksi,neutral,hukum_pidana|seni_kebebasan|identitas_agama
twitter,2009526900126040248,"Muhammadiyah tolak baper soal materi ""mens rea"" Pandji Pragiwaksono.  Anwar Abbas: Bangsa ini butuh kritik.

Terus yang ngaku dari Muhammadiyah itu siapa ya saat demo itu?
😄 https://t.co/6fuWaZvNuQ",sharpandshark,Yuk Berisik,true,media,2026-01-09,3,17,3,0,667,https://twitter.com/sharpandshark/status/2009526900126040248,pro_pandji,kelegaan,positive,seni_kebebasan|identitas_agama
twitter,2009524659797270742,Fix ya nu dan Muhammadiyah tidak memprotes @pandji di mens rea,LFCVoiceID,LFCVoiceID🔴,false,publik,2026-01-09,0,0,0,0,57,https://twitter.com/LFCVoiceID/status/2009524659797270742,skeptis,tidak_terdeteksi,neutral,identitas_agama
twitter,2009523079412883632,Ketua PBNU Kyai Haji Ulil Abshar Abdalla tegaskan aliansi yang atas namakan AM NU bukan bagian dari PBNU. Sebelumnya ramai dibicarakan terkait aliansi yang mengaku Angkatan Muda NU dan Aliansi Muda Muhammadiyah laporkan Pandji ke Polda Metro Jaya terkait materi dalam pertunjukan komedi Mens Rea.,pasfm,Pasfm Radio Bisnis,false,publik,2026-01-09,0,0,0,0,51,https://twitter.com/pasfm/status/2009523079412883632,skeptis,kelegaan,positive,hukum_pidana|seni_kebebasan|identitas_agama
twitter,2009520450058244505,"Pernyataan resmi muhammadiyah atas pelaporan thd 'mens rea-pandji', dari yg mengatasnamakan AMM.
https://t.co/WHiVZEZQiV
*u/ penghinaan presiden/wapres/ketua dan atau kepala lembaga harus dilaporkan sendiri oleh ybs. https://t.co/rCVApmEn4N",shintaeffendi,Shinta Effendi,false,publik,2026-01-09,0,0,1,1,152,https://twitter.com/shintaeffendi/status/2009520450058244505,skeptis,tidak_terdeteksi,neutral,hukum_pidana|identitas_agama
twitter,2009518105844719945,"Heboh! Gara-gara Materi Stand Up 'Mens Rea', Pandji Pragiwaksono Dipolisikan oleh NU–Muhammadiyah

https://t.co/J4jbEWauoh",VIVAcoid,VivaCoid,true,media,2026-01-09,0,1,1,0,648,https://twitter.com/VIVAcoid/status/2009518105844719945,netral,tidak_terdeteksi,neutral,hukum_pidana|seni_kebebasan|identitas_agama
twitter,2009517997132841094,"Protes Materi Mens Rea Pandji Pragiwaksono, Pemuda NU &amp; Muhammadiyah Demo di Kantor Komdigi

https://t.co/OwkokkwS7t",KompasTV,KOMPAS TV,true,media,2026-01-09,0,0,0,0,1020,https://twitter.com/KompasTV/status/2009517997132841094,netral,informatif,neutral,seni_kebebasan|identitas_agama
twitter,2009517889267879963,"NU &amp; MUHAMMADIYYAH sama sama bikin klarifikasi, kalo kedua Ormas tsb gak ada hubungannya dengan pelaporan Mens rea pandji dan demo di KPI. Lhaaa terus itu Ormas siapa ya? Ormas ngantuk kayaknya! Ngopo Ngono? 🤣🤣🤣",Punk4life_,Warga Lokal,false,publik,2026-01-09,0,0,0,0,16,https://twitter.com/Punk4life_/status/2009517889267879963,skeptis,ejekan_ironi,positive,hukum_pidana|identitas_agama
twitter,2009516423463457200,"Presidium Angkatan Muda NU, Rizki Abdul Rahman Wahid, melaporkan komika **Pandji Pragiwaksono** ke Polda Metro Jaya pada 8 Januari 2026 atas dugaan penistaan agama dan penghasutan terkait materi stand up comedy dalam pertunjukan Mens Rea.",voxindonesia_id,Vox Indonesia,false,publik,2026-01-09,0,0,1,0,125,https://twitter.com/voxindonesia_id/status/2009516423463457200,anti_pandji,informatif,neutral,hukum_pidana|seni_kebebasan|identitas_agama
twitter,2009516419902525543,Angkatan Muda NU dan Aliansi Muda Muhammadiyah Polisikan Pandji Pragiwaksono karena Materi Mens Rea Menimbulkan Kegaduhan dan Fitnah terhadap Organisasi Islam https://t.co/q9IEONEDmL,voxindonesia_id,Vox Indonesia,false,publik,2026-01-09,0,1,1,0,360,https://twitter.com/voxindonesia_id/status/2009516419902525543,netral,tidak_terdeteksi,neutral,hukum_pidana|seni_kebebasan|identitas_agama
twitter,2009513223771582835,"Pandji Pragiwaksono dilaporkan ke Polda Metro Jaya oleh Angkatan Muda Nahdlatul Ulama (NU) dan Aliansi Muda Muhammadiyah terkait materi dalam pertunjukan komedi bertajuk Mens Rea. 
#yasikafm #pandjipragiwaksono #mensrea #standupcomedy #netflix https://t.co/0xyd0MqKJy",yasika_fm,YASIKA FM,false,publik,2026-01-09,0,1,3,0,563,https://twitter.com/yasika_fm/status/2009513223771582835,netral,informatif,neutral,hukum_pidana|seni_kebebasan|identitas_agama
twitter,2009510407183220749,"Pelapor Pandji Mens Rea Ternyata NU Abal-abal?
https://t.co/D2rEHgyOP1",suaradotcom,suaradotcom,true,media,2026-01-09,0,0,0,0,85,https://twitter.com/suaradotcom/status/2009510407183220749,skeptis,tidak_terdeteksi,neutral,identitas_agama
twitter,2009507675986628769,"Muhammadiyah Tolak Baper Soal Materi 'Mens Rea' Pandji, Anwar Abbas: Bangsa Ini Butuh Kritik
https://t.co/aRYSaDGAAm

Baca berita terkini dengan mudah dan nyaman, download aplikasi Inilahcom di iOS dan Android
#inilahcom #inilahdotcom via @inilahdotcom",RADEN_NUH_,Raden Nuh,false,publik,2026-01-09,1,1,0,0,121,https://twitter.com/RADEN_NUH_/status/2009507675986628769,pro_pandji,kelegaan,positive,seni_kebebasan|identitas_agama
twitter,2009506673459859706,"Terkait dilaporkannya Pandji Pragiwaksono ke polisi dipicu materi stand-up ""Mens Rea"", pihak PP Muhammadiyah menegaskan pihaknya tidak terhubung dengan Aliansi Muda Muhammadiyah.

Hal ini disampaikan melalui akun media sosial resmi Muhammadiyah.

Ketua Majelis Pembinaan Kader dan Sumber Daya Insani (MPKSDI) Pimpinan Pusat Muhammadiyah Bachtiar  Dwi Kurniawan mengatakan, Aliansi Muda Muhammadiyah bukanlah sebuah  organisasi di bawah struktur Muhammadiyah, baik di level pimpinan pusat  (PP) maupun di bawahnya.

Dalam struktur Persyarikatan, ada sebanyak 13 majelis, 15 lembaga dan  tiga biro PP Muhammadiyah. Tidak ada satu pun yang merupakan Aliansi  Muda Muhammadiyah.

""Tidak tahu itu motifnya apa, bawa-bawa dan memakai nama  Muhammadiyah. Maka perlu kita luruskan,"" kata Bachtiar Dwi Kurniawan  kepada Republika, Jumat (9/1).

Sebelumnya, Rizki Abdul Rahman Wahid  mengatasnamakan diri Angkatan Muda Nahdlatul Ulama dan Aliansi Muda  Muhammadiyah melaporkan Pandji Pragiwaksono ke Polda Metro Jaya lantaran tidak terima akan materi stand-up ""Mens Rea"" yang dibawakan sang komika.",akuratco,Akuratco,true,media,2026-01-09,4,8,4,1,2768,https://twitter.com/akuratco/status/2009506673459859706,skeptis,informatif,neutral,hukum_pidana|seni_kebebasan|identitas_agama
twitter,2009498389977940456,Pandji Pragiwaksono Dilaporkan ke Polisi Buntut Materi Show 'Mens Rea' yang Singgung Dugaan Skandal NU dan Muhammadiyah https://t.co/8i98S4oSoF,ComMetrosulteng,Metrosulteng.com,false,publik,2026-01-09,0,0,0,0,40,https://twitter.com/ComMetrosulteng/status/2009498389977940456,netral,tidak_terdeteksi,neutral,hukum_pidana|seni_kebebasan|identitas_agama
twitter,2009496437948862573,Angkatan Muda Nahdlatul Ulama dan Aliansi Muda Muhammadiyah melaporkan komika Pandji Pragiwaksono ke Polda Metro Jaya kasus dugaan pencemaran nama baik organisasi Islam. Pencemaran yang dimaksud terkandung dalam materi komedi Pandji dalam tayangan 'Mens Rea' dari Netflix. https://t.co/IDxogmyx2e,IndiraNews,Indira News,false,publik,2026-01-09,1,1,1,0,67,https://twitter.com/IndiraNews/status/2009496437948862573,netral,informatif,neutral,hukum_pidana|seni_kebebasan|identitas_agama
twitter,2009495718428639236,"Dua organisasi Islam terbesar di Indonesia, Nahdlatul Ulama (NU) dan Muhammadiyah, secara tersirat maupun tersurat menjauhkan diri dari aksi pelaporan pidana terhadap komika Pandji Pragiwaksono. 

Langkah hukum yang dilakukan oleh kelompok yang mengatasnamakan unsur muda tersebut dipastikan bukan instruksi struktural, melainkan inisiatif sepihak yang tidak mencerminkan sikap resmi organisasi.

Ketua Pengurus Besar Nahdlatul Ulama (PBNU), KH Ulil Abshar Abdalla (Gus Ulil), bereaksi keras atas pencatutan nama NU oleh kelompok ""Angkatan Muda Nahdlatul Ulama"" (AMNU) yang melaporkan Pandji ke Polda Metro Jaya terkait materi stand-up comedy soal konsesi tambang.

Senada dengan PBNU, Pimpinan Pusat (PP) Muhammadiyah juga menunjukkan sikap berjarak. Ketua PP Muhammadiyah bidang ekonomi, Anwar Abbas, mengaku sama sekali tidak mengetahui siapa sosok atau kelompok anak muda yang menyeret materi komedi tersebut ke ranah hukum.

Meskipun nama Muhammadiyah turut disebut dalam materi Mens Rea milik Pandji sebagai penerima konsesi tambang, Anwar menyiratkan bahwa pimpinan pusat tidak memberikan restu atas kegaduhan hukum ini.

-

Selengkapnya kunjungi website dengan klik link di bio atau download aplikasi di AppStore dan Google Play Store.

#inilahNews #PandjiPragiwaksono #Inilahcom #titiktengah #titikcerah",inilahdotcom,inilahcom,true,media,2026-01-09,0,7,0,2,1038,https://twitter.com/inilahdotcom/status/2009495718428639236,skeptis,informatif,neutral,hukum_pidana|seni_kebebasan|identitas_agama
twitter,2009494667549925602,"Angkatan Muda NU dan Polri malah bikin Mens Rea-nya Pandji makin populer, makin banyak yang pengen nonton, makin nunjukkin bodohnya mereka.",Ijey,🏳Bangsa Pelupa & Pemaaf®,false,publik,2026-01-09,0,0,0,0,35,https://twitter.com/Ijey/status/2009494667549925602,netral,kelegaan,positive,identitas_agama
twitter,2009494242281050174,"Hal paling goblok adalah, tersinggung dengan perkataan seorang komedian. Apalagi seorang komedian tunggal dengan banyak pengalaman.

Pertama, sekelas Pandji Pragiwaksono, tidak mungkin membuat materi asal tanpa riset dan pendalaman dari topik yang beliau bahas dalam pertunjukan spesialnya.

Kedua, melaporkan Pandji atas pertunjukan spesial yang berjudul Mens Rea tanpa melihat keseluruhan utuh dari rekaman pertunjukan itu, bukan hal cerdas, malah menampilkan kebodohan dari orang-orang yang melaporkan.

Ketiga, aliansi akal-akalan ini muncul entah apa tujuannya. Pihak NU dan Muhammadiyah bahkan sudah membantah kalau aliansi ini tidak ada dan tidak resmi mewakili pandangan organisasi besar.

Sekali lagi, di negara demokrasi, selama bentukannya sebuah argumen, maka ada cara yang lebih elok dan intelek, yakni membalas apa yang disampaikan Pandji dengan sebuah argumen yang berkelas, bukan malah melaporkan ke Polisi.",dayatpiliang,Dayat Piliang (;),true,media,2026-01-09,0,0,0,0,283,https://twitter.com/dayatpiliang/status/2009494242281050174,pro_pandji,kemarahan,negative,hukum_pidana|seni_kebebasan|identitas_agama
twitter,2009492843472277887,"Muhammadiyah Tolak Baper Soal Materi Mens Rea Komika Pandji, Anwar Abbas: Bangsa Ini Butuh Kritik
https://t.co/iyH8OvbkxT",heralddotID,Herald Indonesia,false,publik,2026-01-09,0,0,0,0,32,https://twitter.com/heralddotID/status/2009492843472277887,pro_pandji,kelegaan,positive,seni_kebebasan|identitas_agama
twitter,2009492334963249401,"Polda Metro Jaya mulai menindaklanjuti laporan masyarakat terhadap komika Pandji Pragiwaksono terkait materi Mens Rea.

Laporan tersebut memuat dugaan penghasutan di muka umum dan dugaan penistaan agama, yang kini memasuki tahap klarifikasi serta analisis barang bukti oleh penyidik.

Pengaduan diajukan oleh Angkatan Muda Nahdlatul Ulama bersama Aliansi Muda Muhammadiyah, dengan alasan materi komedi dinilai tidak lagi berada dalam koridor hiburan dan berpotensi merugikan pihak tertentu. 

""Penyidik akan melakukan klarifikasi dan analisa barang bukti, agar masyarakat tetap bijak dalam menyampaikan informasi,"" kata Kabid Humas Polda Metro Jaya Kombes Budi Hermanto, Jumat (9/1/2026).

https://t.co/I6wudZRgC4",SINDOnews,SINDOnews,true,media,2026-01-09,0,0,1,0,742,https://twitter.com/SINDOnews/status/2009492334963249401,anti_pandji,informatif,neutral,hukum_pidana|seni_kebebasan|identitas_agama
twitter,2009490579227594970,"Komika Pandji Pragiwaksono dilaporkan ke Polda Metro Jaya oleh Angkatan Muda NU dan Aliansi Muda Muhammadiyah terkait materi komedinya berjudul Mens Rea. Pelapor menilai materi tersebut menghina, menimbulkan kegaduhan, dan berpotensi memecah belah masyarakat.

👉🏻Baca faktanya https://t.co/M0wICN4rAq

~AM #PandjiPragiwaksono #MensRea #PoldaMetroJaya",kompascom,Kompas.com,true,media,2026-01-09,0,0,0,1,822,https://twitter.com/kompascom/status/2009490579227594970,netral,informatif,neutral,hukum_pidana|seni_kebebasan|identitas_agama
twitter,2009483509426258159,"Komika Pandji Pragiwaksono dilaporkan ke Polda Metro Jaya oleh Angkatan Muda Nahdlatul Ulama (NU) bersama Aliansi Muda Muhammadiyah terkait materi dalam pertunjukan stand up comedy bertajuk Mens Rea. Laporan tersebut teregister dengan nomor LP/B/166/I/2026/SPKT/POLDA METRO JAYA tertanggal 8 Januari 2026. 

""(Terlapor) seniman stand up comedian yang belakangan ini sangat ramai diperbincangkan. Inisialnya P,"" kata Presidium Angkatan Muda NU, Rizki Abdul Rahman Wahid, kepada wartawan, Kamis (8/1/2026).

Rizki Abdul Rahman Wahid juga menjelaskan laporan dibuat karena materi yang disampaikan Pandji dinilai merendahkan, memfitnah, menimbulkan kegaduhan di ruang publik, sehingga menimbulkan keresahan.

Rizki berharap kepolisian segera menindaklanjuti laporan tersebut, termasuk memanggil Pandji untuk klarifikasi.

#Pandji #MensRea #Viral #standupcomedy #pandjipragiwaksono #kritik",RadioElshinta,Radio Elshinta,true,media,2026-01-09,3,6,3,0,1299,https://twitter.com/RadioElshinta/status/2009483509426258159,netral,informatif,neutral,hukum_pidana|seni_kebebasan|identitas_agama
twitter,2009475839721865700,"Komika Pandji Pragiwaksono telah dilaporkan ke Polda Metro Jaya terkait materi stand up comedy berjudul 'Mens Rea'. Pelaporan ini dilakukan oleh Angkatan Muda NU dan Aliansi Muda Muhammadiyah, terdaftar dengan nomor LP/B/166/I/2026/SPKT/POLDA METRO JAYA

https://t.co/KTNLAJcsZR",nawabinekanews,NawaBineka,false,publik,2026-01-09,0,0,0,0,26,https://twitter.com/nawabinekanews/status/2009475839721865700,netral,informatif,neutral,hukum_pidana|seni_kebebasan|identitas_agama
twitter,2009469869188907067,"Pandji Pragiwaksono Dilaporkan ke Polisi Buntut Materi Show 'Mens Rea', Singgung Dugaan Skandal NU dan Muhammadiyah

https://t.co/73ciGw9l96",portalokadotid,Portaloka.id,false,publik,2026-01-09,0,0,0,0,17,https://twitter.com/portalokadotid/status/2009469869188907067,netral,tidak_terdeteksi,neutral,hukum_pidana|seni_kebebasan|identitas_agama
twitter,2009461375232360858,"Polda Metro Jaya akan menganalisa barang  bukti kasus  komika Pandji Pragiwaksono terkait  laporan dari Angkatan Muda  Nahdlatul Ulama dan Aliansi Muda Muhammadiyah.

Jumat (9/1) Kabid Humas Polda Metro Jaya Kombes Pol  Budi Hermanto mengatakan, ""Penyidik akan melakukan  klarifikasi dan analisa barang bukti agar masyarakat tetap bijak dalam  menyampaikan informasi.""

""Tentang  dugaan penghasutan di muka umum dan dugaan penistaan agama berkaitan  dengan pernyataan dalam sebuah acara bertajuk Mens Rea,"" ujar Budi.

Terkait  kasus tersebut, dia pun meminta agar publik bersabar dan memberi ruang  bagi penyelidik serta penyidik dalam proses penegakan hukum.

Sebelumnya, Pandji  Pragiwaksono dilaporkan oleh pihak yang mengatasnamakan Angkatan Muda  Nahdlatul Ulama dan Aliansi Muda Muhammadiyah ke Polda Metro Jaya  terkait dugaan pencemaran nama baik organisasi Islam.

""Kami  menganggap bahwa yang saya laporkan ini oknum terlapor berinisial P ini  dianggap menebarkan isu-isu yang kurang positif gitu, telah merendahkan,  memfitnah, khususnya organisasi keislaman yang terbesar di Indonesia,  yaitu NU dan Muhammadiyah,"" kata pelapor Rizki Abdul Rahman Wahid yang  mewakili Angkatan Muda Nahdhatul Ulama (NU) dan Muhammadiyah dalam  keterangannya di Jakarta, Kamis (8/1).

Dia juga menjelaskan dalam narasinya, terlapor menganggap NU dan Muhammadiyah terlibat dalam politik praktis.

""Yang  terus kemudian ini disampaikan seolah-olah NU dan Muhammadiyah  mendapatkan tambang, begitu, karena imbalan, karena telah memberikan  suaranya terhadap kontestasi pemilu yang kemarin,"" ungkap Rizki.",akuratco,Akuratco,true,media,2026-01-09,1,1,0,1,889,https://twitter.com/akuratco/status/2009461375232360858,skeptis,informatif,neutral,hukum_pidana|identitas_agama
twitter,2009460846964167092,"Kabid Humas Polda Metro Jaya Kombes Pol. Budi Hermanto membenarkan telah menerima laporan terhadap komika Pandji Pragiwaksono oleh Presidium Angkatan Muda Nahdlatul Ulama (NU), Rizki Abdul Rahman Wahid. Laporan dibuat pada Kamis, 8 Januari 2026 malam.

Budi menyebut laporan itu terkait dugaan penghasutan dimuka umum dan dugaan penistaan agama berkaitan dengan pernyataan dalam sebuah acara bertajuk 'Mens Rea'. Menurutnya, penyidik segera mengklarifikasi dan menganalisa bukti.

Baca selengkapnya di https://t.co/9fK3A3AGks

#pandjipragiwaksono #penistaanagama #mensrea #metrotv",Metro_TV,METRO TV,true,media,2026-01-09,1,1,1,0,668,https://twitter.com/Metro_TV/status/2009460846964167092,anti_pandji,tidak_terdeteksi,neutral,hukum_pidana|identitas_agama
twitter,2009460775400951941,"Komika Pandji Pragiwaksono dilaporkan oleh pihak Angkatan Muda Nahdlatul Ulama dan Aliansi Muda Muhammadiyah ke Polda Metro Jaya terkait dugaan pencemaran nama baik organisasi Islam, Kamis (8/1).

Pandji dipolisikan buntut materi stand up comedy dalam pertunjukkan 'Mens Rea'. https://t.co/8xYrf5i3EF",detikcom,detikcom,true,media,2026-01-09,0,6,1,1,3563,https://twitter.com/detikcom/status/2009460775400951941,netral,tidak_terdeteksi,neutral,hukum_pidana|seni_kebebasan|identitas_agama
twitter,2009453812524961865,"@TaliUdeng @pandji Penggeraknya sama kok. 
Yang nyulut. Yang ngeramein. Yang mengkoordinir massa aksi. 

Satu aksi dapat banyak buah:
1. Menghina fisik dinormalisasi 
2. Mens Rea tambah viewer
3. NU dan Muhammadiyah dipojokkan karena dikasih tambang.",Fahmy_TEGAL,Fahmi Mubarok,false,publik,2026-01-09,0,1,0,0,38,https://twitter.com/Fahmy_TEGAL/status/2009453812524961865,netral,tidak_terdeteksi,neutral,identitas_agama
twitter,2009452961236459980,"Sebelumnya pihak yang mengatasnamakan Angkatan Muda NU dan Aliansi Muda Muhammadiyah melaporkan komika Pandji Pragiwaksono ke Polda Metro Jaya terkait materi pertunjukan komedi tunggal atau stand up comedy bertajuk Mens Rea.
Selengkapnya baca di :
https://t.co/fvnwDXHHRU https://t.co/jPfYRMMc2g",lawjustice_co,Law Justice,false,publik,2026-01-09,0,0,0,0,65,https://twitter.com/lawjustice_co/status/2009452961236459980,skeptis,informatif,neutral,hukum_pidana|seni_kebebasan|identitas_agama
twitter,2009449982865363135,"Materi stand up comedy Mens Rea menyeret Pandji Pragiwaksono ke laporan polisi. Komika senior itu dilaporkan ke Polda Metro Jaya, Rabu (7/1/2026), oleh gabungan pemuda NU dan Muhammadiyah. https://t.co/V7R3mYI9jM",samudrafakta77,Samudrafakta News Room,true,media,2026-01-09,0,0,1,1,1138,https://twitter.com/samudrafakta77/status/2009449982865363135,netral,informatif,neutral,hukum_pidana|seni_kebebasan|identitas_agama
twitter,2009447005001801832,"@pandji Dalam mens Rea sudah dijelaskan:
Targetnya bukan untuk polistisi,tapi untuk menyadarkan rakyat,karena masih banyak rakyat yang bodoh.....

Ehhh,,ternyata memang masih banyak rakyat yang bodoh,goblok dan tolol..

Saya warga NU,yang tiap tahun iuran untuk NU,mendukung mas Pandji.",armanhermawan3,ISLAM AGAMAKU,false,publik,2026-01-09,112,1871,15,3,52835,https://twitter.com/armanhermawan3/status/2009447005001801832,pro_pandji,kemarahan,negative,identitas_agama
twitter,2009445275790938496,"@pandji Pragiwaksono dilaporkan ke polisi oleh Angkatan Muda NU &amp; Aliansi Muda Muhammadiyah terkait materi stand up komedi Mens Rea

komedi yang disampaikan Pandji dinilai menghina, menyebabkan kegaduhan, serta berpotensi memecah belah masyarakat

sungguh aneh tapi nyata 🎵🎤 https://t.co/rrIDtiXs9d",txtdrimedia,txtdrimedia,true,media,2026-01-09,7,24,12,1,12530,https://twitter.com/txtdrimedia/status/2009445275790938496,netral,tidak_terdeteksi,neutral,hukum_pidana|seni_kebebasan|identitas_agama
twitter,2009430681936687421,"@KangSemproel @muhammadiyah @PPPemudaMu 'duo ormas besar' (katanya) disatukan oleh Pandji...

perbedaan Qunut Shubuh disatukan oleh 'Mens Rea'..😄🤣🤣",DermagaGarely,Garely,true,publik,2026-01-09,0,1,1,1,69,https://twitter.com/DermagaGarely/status/2009430681936687421,netral,ejekan_ironi,positive,identitas_agama
twitter,2009424006697636274,"Komika Pandji Pragiwaksono dilaporkan ke Polda Metro Jaya. Pandji dilaporkan atas materi stand up comedy dalam pertunjukan Mens Rea yang dianggap merendahkan, memfitnah, dan menimbulkan kegaduhan.

""Menurut kami beliau (Pandji) merendahkan, memfitnah dan cenderung menimbulkan kegaduhan di ruang media dan memecah belah bangsa gitu,"" ujar pelapor sekaligus Persidium Angkatan Muda NU Rizki Abdul Rahman Wahid, dikutip Kamis (8/1/2026).",B3doel___,b3'doel,true,media,2026-01-09,23,60,72,4,10057,https://twitter.com/B3doel___/status/2009424006697636274,netral,informatif,neutral,hukum_pidana|seni_kebebasan|identitas_agama
twitter,2009418887226642937,"Komika Pandji Pragiwaksono dilaporkan ke Polda Metro Jaya pada Rabu (7/1/2026) oleh Angkatan Muda Nahdlatul Ulama (NU) dan Aliansi Muda Muhammadiyah terkait materi dalam pertunjukan komedi bertajuk Mens Rea.  https://t.co/Gg4SP35LmJ

#BeritaSonora via @kompascom",SonoraFM92,Radio Sonora Jakarta,false,publik,2026-01-09,0,0,0,0,156,https://twitter.com/SonoraFM92/status/2009418887226642937,netral,informatif,neutral,hukum_pidana|seni_kebebasan|identitas_agama
twitter,2009404575086989601,"Pandji ""Mens Rea"" Dilaporkan Ke Polda Metro Jaya oleh Angkatan Muda NU dan Aliansi Muda Muhammadiyah.

Arie Keriting: ""... Simak dulu deh sebellum melaporkan""",tijabar,t°Jabar,true,media,2026-01-08,32,80,19,0,5790,https://twitter.com/tijabar/status/2009404575086989601,netral,informatif,neutral,hukum_pidana|identitas_agama
twitter,2009385963416625598,"@pandji Dilaporin kader MU dan NU malah bikin banyak warga MU dan NU lihat mens rea, sebenarnya mereka kader apa anak marketing lo sih bang ? Modelannya kok ngono..... https://t.co/esbYeOkEiN",sulaimanariefst,alpha wolf,false,publik,2026-01-08,0,0,0,0,200,https://twitter.com/sulaimanariefst/status/2009385963416625598,netral,tidak_terdeteksi,neutral,identitas_agama
twitter,2009365766748176413,"Benarkah mengkritik pejabat dianggap sebagai tindakan memecah belah bangsa, sehingga bisa dipidanakan ?

Gara-gara Materi Stand Up 'Mens Rea', Pandji Pragiwaksono Dipolisikan oleh NU–Muhammadiyah.

Materi komedi Pandji dianggap tidak lagi sekadar hiburan, melainkan sudah menjurus pada penghinaan dan fitnah yang memicu kegaduhan publik, yg bisa memecah belah karena adanya pro dan kontra di mayarakat.

https://t.co/F3eC9fwA1h",DoankWarto,ONLY NEWS,true,media,2026-01-08,1,1,1,0,155,https://twitter.com/DoankWarto/status/2009365766748176413,netral,tidak_terdeteksi,neutral,hukum_pidana|seni_kebebasan|identitas_agama
twitter,2009324775727157691,"@kompascom Knp si pelapor membawa/mengatasnamakan ormas? Pdhl yg diroasting dlm Mens Rea itu mungkin banyak (baru nonton). Apalagi kalau bkn upaya mobilisasi sentimen utk membenturkan @pandji dgn ormas besar.

Yg justru dirugikan di sini malah citra NU &amp; MU, yg seolah anti-kritik.",mubin_nusantara,Nadzirummubin,false,publik,2026-01-08,0,2,0,0,25,https://twitter.com/mubin_nusantara/status/2009324775727157691,skeptis,tidak_terdeteksi,neutral,identitas_agama
twitter,2009317848091680866,@ekowboy2 Ga mewakili orang NU sama sekali . Wkwkkk negara sekarang sibuk bayar buzer keren bet bang @pandji i bikin mens rea jilid 2 please,vicky_achmad,vicky achmad,false,publik,2026-01-08,0,0,0,0,33,https://twitter.com/vicky_achmad/status/2009317848091680866,netral,dukungan,positive,identitas_agama
twitter,2009303192962842793,"percayalah mas @pandji 

menurut keyakinan saya (sebagai warga NU), yang protes mengatasnamakan NU menentang materi stand up Mens Rea. itu gak mewakili/mengatasnamakan organisasi resmi NU.

terima kasih 🙏🏻",huddhuda,MAS HUD,false,publik,2026-01-08,0,0,0,0,28,https://twitter.com/huddhuda/status/2009303192962842793,skeptis,tidak_terdeteksi,neutral,seni_kebebasan|identitas_agama
twitter,2009294836306977063,"Bola panas materi komedi tunggal (stand-up comedy) Pandji Pragiwaksono bertajuk Mens Rea berbuntut panjang. Meski sukses nangkring di puncak klasemen Netflix Indonesia, materi yang sarat kritik politik tersebut justru menyeret sang komika ke ranah hukum.

Pandji resmi dilaporkan ke Polda Metro Jaya oleh gabungan Angkatan Muda Nahdlatul Ulama (NU) dan Aliansi Muda Muhammadiyah pada Rabu (7/1/2026). Laporan ini dipicu oleh potongan materi Mens Rea yang viral di media sosial dan dinilai telah melampaui batas kewajaran.

Menariknya, di tengah upaya pelaporan tersebut, Wakil Presiden Gibran Rakabuming Raka justru memberikan respons yang kontras. Nama Gibran sendiri memang menjadi salah satu sasaran satire dalam materi Pandji, terutama terkait kondisi fisiknya (ptosis) yang sempat disinggung.

Namun, eks Wali Kota Solo itu justru meminta masyarakat untuk bersikap lebih santai dalam menanggapi kritik.",inilahdotcom,inilahcom,true,media,2026-01-08,0,3,0,0,1789,https://twitter.com/inilahdotcom/status/2009294836306977063,netral,informatif,neutral,hukum_pidana|seni_kebebasan|identitas_agama
twitter,2009292902502158390,"Komika Pandji Pragiwaksono kembali dilaporkan ke Polda Metro Jaya oleh Angkatan Muda Nahdlatul Ulama dan Aliansi Muda Muhammadiyah terkait materi pertunjukan Mens Rea yang dinilai bermasalah secara hukum dan sosial.

Pelapor menilai konten tersebut mengandung fitnah, mencederai nama baik, dan memicu kegaduhan publik.

""Menurut kami, beliau (Pandji) merendahkan, memfitnah dan cenderung menimbulkan kegaduhan di ruang media dan memecah belah bangsa gitu,"" kata Persidium Angkatan Muda NU Rizki Abdul Rahman Wahid selaku pelapor, Rabu (7/1/2026).

""Menimbulkan keresahan terhadap khususnya kami sebagai anak muda Nahdliyin pun juga teman saya sebagai Aliansi Muda Muhammadiyah,"" sambungnya.",neVerAl0nely___,Never,true,media,2026-01-08,3,14,9,0,2265,https://twitter.com/neVerAl0nely___/status/2009292902502158390,netral,informatif,neutral,hukum_pidana|seni_kebebasan|identitas_agama
twitter,2009290882944491614,"@NenkMonica Yang melaporkan @pandji adalah mereka yang dapat proyek tambang. Dalam mens rea ada banyak poin yang menyadarkan dan mencerdaskan, tapi bagi curut² aliansi MU dan NU fokusnya 𝐆𝐢𝐛𝐫𝐚𝐧 𝐧𝐠𝐚𝐧𝐭𝐮𝐤. Begitu buruknya politik balas budi.
Jokowi sebagai upline MU dan NU downline",PenuhKasus,Indonesia,false,publik,2026-01-08,0,0,0,0,45,https://twitter.com/PenuhKasus/status/2009290882944491614,skeptis,tidak_terdeteksi,neutral,identitas_agama
twitter,2009283304587981292,"Panji Pragiwaksono dilaporkan ke Polda Metro Jaya terkait Mens Rea

Organisasi yang berhubungan dgn NU itu : 
PMII, IPNU, IPPNU, Muslimat NU, Fatayat, Ansor tak ada organisasi Angkatan Muda NU atau apalah kalian yang bawa2 NU.  Jadi kalian yang laporin Pandji ??? https://t.co/R7EXAW1neD",neVerAl0nely___,Never,true,media,2026-01-08,4,15,8,0,3705,https://twitter.com/neVerAl0nely___/status/2009283304587981292,netral,informatif,neutral,hukum_pidana|identitas_agama
twitter,2009280117374161321,"Pandji Pragiwaksono Dilaporkan Angkatan Muda NU dan Muhammadiyah, Terkait Materi Mens Rea https://t.co/flu0lLk1p9",OposisiCerdas,OposisiCerdas.com,true,media,2026-01-08,18,19,1,0,329,https://twitter.com/OposisiCerdas/status/2009280117374161321,netral,tidak_terdeteksi,neutral,hukum_pidana|seni_kebebasan|identitas_agama
twitter,2009255259093237868,"Sosok Rizky Laporkan Pandji Pragiwaksono ke Polisi Soal Mens Rea, Presedium Angkatan Muda NU
 
https://t.co/tG5TVBMH0z",tribunjateng,tribunjateng.com,false,publik,2026-01-08,0,0,0,0,41,https://twitter.com/tribunjateng/status/2009255259093237868,netral,tidak_terdeteksi,neutral,hukum_pidana|identitas_agama
twitter,2009252499065127302,"Komika Pandji Pragiwaksono dilaporkan ke Polda Metro Jaya terkait materi stand up comedy yang dia bawakan dalam pertunjukan spesial bertajuk Mens Rea.

Laporan tersebut dilayangkan karena isi materi dinilai merendahkan, memfitnah, serta berpotensi memicu kegaduhan di tengah masyarakat.

Pelapor yang juga merupakan Presidium Angkatan Muda Nahdlatul Ulama (NU), Rizki Abdul Rahman Wahid, menyatakan bahwa materi Pandji telah melampaui batas kebebasan berekspresi dan menyinggung kelompok tertentu.

""Menurut kami, beliau (Pandji) merendahkan, memfitnah dan cenderung menimbulkan kegaduhan di ruang media dan memecah belah bangsa gitu,"" ujar Rizki dikutip dari TikTok @/officialinews, Kamis (8/1/2026).

Rizki menambahkan, materi dalam Mens Rea memunculkan keresahan, khususnya di kalangan pemuda Nahdliyin serta Aliansi Muda Muhammadiyah. Dia menilai narasi yang disampaikan Pandji berpotensi mencederai keharmonisan antar umat.

""Menimbulkan keresahan terhadap khususnya kami sebagai anak muda Nahdliyin pun juga teman saya sebagai Aliansi Muda Muhammadiyah,"" tuturnya.",akuratco,Akuratco,true,media,2026-01-08,1,0,0,0,198,https://twitter.com/akuratco/status/2009252499065127302,pro_pandji,informatif,neutral,hukum_pidana|seni_kebebasan|identitas_agama
twitter,2009244548481118596,"Komika Pandji Pragiwaksono dilaporkan ke Polisi terkait materi stand up komedinya yg bertajuk mens rea. Angkatan Muda Nahdlatul Ulama (NU) dan Aliansi Muda Muhammadiyah melaporkan Pandji ke polisi karena materi komedinya dinilai menghina, menyebabkan kegaduhan, serta berpotensi memecah belah masyarakat.  Seperti diketahui Pandji dalam pertunjukan komedi bertajuk Mens Rea ditayangkan di salah satu platform streaming digital, membahas terkait politik dan kondisi demokrasi di Indonesia. Bagaimana mencermati persoalan ini?

Talk: Mantan anggota kompolnas dan Pakar Hukum Pidana, Prof. Dr. Hamidah Abdurrachman, S.H., M.Hum (Prof Hamidah)

Streaming👇
https://t.co/rke9sWHJY6

#E080119",RadioElshinta,Radio Elshinta,true,media,2026-01-08,0,0,0,0,498,https://twitter.com/RadioElshinta/status/2009244548481118596,netral,tidak_terdeteksi,neutral,hukum_pidana|seni_kebebasan|identitas_agama
twitter,2009243060644008177,"Materi stand up comedy Mens Rea dari Pandji Pragiwaksono di Netflix dianggap bikin gaduh, sehingga dilaporkan ke polisi oleh Angkatan Muda Nahdlatul Ulama (NU) dan Aliansi Muda Muhammadiyah.

Laporan dilayangkan ke Polda Metro Jaya pada Rabu (7/1/2025) dengan dugaan pencemaran nama baik.

Rizki Abdul Rahman Wahid, Presedium Angkata  Muda NU, mengatakan, “Angkatan Muda NU kami melaporkan bahwa ada kasus yang menurut kami  beliau merendahkan, memfitnah, dan cenderung menimbulkan kegaduhan di  ruang media serta memecah belah bangsa.""",akuratco,Akuratco,true,media,2026-01-08,0,1,0,1,951,https://twitter.com/akuratco/status/2009243060644008177,netral,tidak_terdeteksi,neutral,hukum_pidana|seni_kebebasan|identitas_agama
twitter,2009234381228184062,"Komika Pandji Pragiwaksono dilaporkan ke Polda Metro Jaya oleh Angkatan Muda Nahdlatul Ulama (NU) dan Aliansi Muda Muhammadiyah terkait materi dalam pertunjukan komedi bertajuk Mens Rea.

Baca di sini: https://t.co/E7YjKlPyaU.

~AA #Pandji #MensRea #Dilaporkan https://t.co/gOMUtbQY4U",kompascom,Kompas.com,true,media,2026-01-08,113,493,452,371,931523,https://twitter.com/kompascom/status/2009234381228184062,netral,informatif,neutral,hukum_pidana|seni_kebebasan|identitas_agama
twitter,2009227029133316129,"Pemuda Nahdlatul Ulama (NU) dan Pemuda Muhammadiyah menggelar unjuk rasa di depan kantor Kemeneterian Komunikasi dan Digital (Komdigi) serta Komisi Penyiaran Indonesia (KPI).

Aksi ini buntut dari materi komedinya di dalam tayangan  “Mens Rea” yang menyinggung keterlibatan ormas dalam pengelolaan tambang.

Walaupun demikian, di awal pertunjukannya Pandji mengaku tak takut terkena kasus karena telah memegang ""tips aman” meski pernyataannya kontroversial.

Gimana menurut kalian, bakal lanjut jadi kasus hukum enggak nih?

#PandjiPragiwaksono #MensRea #Ormas #NU #Muhammadiyah #FGMedia #FGNewsUpdate",officialfgmedia,FG Media Official,true,media,2026-01-08,0,0,0,0,209,https://twitter.com/officialfgmedia/status/2009227029133316129,netral,informatif,neutral,hukum_pidana|seni_kebebasan|identitas_agama
twitter,2009224949920391321,"Pandji dilaporkan di Polda Metro Jaya oleh angkatan muda NU buntut tayangan Stand Up Komedi berjudul Mens Rea di Netflix..

Makin seru nih.. https://t.co/BJgVFRnoes",ekowboy2,𝓔𝓴𝓸 𝓦𝓲𝓭𝓸𝓭𝓸,true,media,2026-01-08,27,84,109,28,149783,https://twitter.com/ekowboy2/status/2009224949920391321,netral,ejekan_ironi,positive,hukum_pidana|seni_kebebasan|identitas_agama
twitter,2009211188241211605,"Komika Pandji Pragiwaksono dilaporkan ke Polda Metro Jaya. Laporan tersebut dilayangkan oleh Angkatan Muda Nahdlatul Ulama dan Aliansi Muda Muhammadiyah pada Rabu malam, 7 Januari 2026.

Laporan ini terkait dugaan pencemaran nama baik yang diduga muncul dalam tayangan berjudul Mens Rea yang ditayangkan di salah satu platform streaming.

Bagaimana tanggapanmu? #VODKompasTV",KompasTV,KOMPAS TV,true,media,2026-01-08,32,104,204,79,78201,https://twitter.com/KompasTV/status/2009211188241211605,netral,informatif,neutral,hukum_pidana|seni_kebebasan|identitas_agama
twitter,2009208091435520032,"Komika Pandji Pragiwaksono dilaporkan ke Polisi oleh Angkatan Muda Nahdlatul Ulama dan Aliansi Muda Muhammadiyah pada Rabu malam, 7 Januari 2026.

Laporan tersebut berkaitan dengan dugaan pencemaran nama baik yang muncul dalam konten Mens Rea di platform streaming.

Sebelumnya, Dokter Tompi menyayangkan sikap Pandji Pragiwaksono yang dianggap tidak mengkritik kinerja Gibran Rakabuming Raka sebagai Wakil Presiden, melainkan menilai secara fisik.

https://t.co/clzuDpxFWh

#iNews #PandjiPragiwaksono #LaporanPolisi #MensRea",officialinews_,iNews,true,media,2026-01-08,1,2,1,0,2656,https://twitter.com/officialinews_/status/2009208091435520032,netral,tidak_terdeteksi,neutral,hukum_pidana|identitas_agama
twitter,2009205422025330984,@PaxSanguina @neVerAl0nely___ @muhammadiyah Kan pandji ada nyentil soal ijin tambang juga di mens rea,fariedza,mas2 stafaband,false,publik,2026-01-08,0,1,1,0,567,https://twitter.com/fariedza/status/2009205422025330984,netral,tidak_terdeteksi,neutral,identitas_agama
twitter,2009075379575902252,"Protes Mens Rea panji pragiwaksono

Aksi unjuk rasa digelar oleh aktivis muda NU dan Muhammadiyah di depan kantor Komdigi dan KPI Pusat, Jakarta, Rabu (7/1/26). 

Massa meminta evaluasi tayangan Mens Rea di Netflix yang dinilai memicu polemik. Para peserta aksi menilai materi yang disampaikan berpotensi menimbulkan polarisasi dan merendahkan kelompok masyarakat tertentu. 

Pemerintah diminta bersikap tegas, sementara Pandji Pragiwaksono didorong menyampaikan klarifikasi dan permintaan maaf. Aksi berlangsung tertib dan damai dengan membawa berbagai poster aspirasi.",neVerAl0nely___,Never,true,media,2026-01-08,455,2556,2171,1434,1003592,https://twitter.com/neVerAl0nely___/status/2009075379575902252,netral,tidak_terdeteksi,neutral,seni_kebebasan|identitas_agama
twitter,2008930558592905324,"Ribuan aktivis NU dan Muhammadiyah menggelar aksi menolak tayangan Mens Rea di Netflix. Aksi digelar di depan Komdigi dan KPI Pusat, Jakarta, 7 Januari 2026. Materi komedi Pandji Pragiwaksono dinilai mengandung penghinaan, fitnah, ujaran kebencian, dan berpotensi memecah bangsa. https://t.co/eeTS44gKmI",garudanantara,Garudanantara,false,publik,2026-01-07,0,0,0,0,24,https://twitter.com/garudanantara/status/2008930558592905324,netral,informatif,neutral,seni_kebebasan|identitas_agama
twitter,2008929836488643020,"Ribuan aktivis NU dan Muhammadiyah menggelar aksi menolak tayangan Mens Rea di Netflix. Aksi digelar di depan Komdigi dan KPI Pusat, Jakarta, 7 Januari 2026. Materi komedi Pandji Pragiwaksono dinilai mengandung penghinaan, fitnah, ujaran kebencian, dan berpotensi memecah bangsa. https://t.co/6VMsLvvmGZ",ABBITV_id,Abbi Tv,false,publik,2026-01-07,0,0,0,0,25,https://twitter.com/ABBITV_id/status/2008929836488643020,netral,informatif,neutral,seni_kebebasan|identitas_agama
twitter,2008929590371332289,"Ribuan aktivis NU dan Muhammadiyah menggelar aksi menolak tayangan Mens Rea di Netflix. Aksi digelar di depan Komdigi dan KPI Pusat, Jakarta, 7 Januari 2026. Materi komedi Pandji Pragiwaksono dinilai mengandung penghinaan, fitnah, ujaran kebencian, dan berpotensi memecah bangsa. https://t.co/cLWsGa5bbA",imnusantara_,IM NUSANTARA,false,publik,2026-01-07,0,1,0,0,137,https://twitter.com/imnusantara_/status/2008929590371332289,netral,informatif,neutral,seni_kebebasan|identitas_agama
