author,comment,type,voteCount,replyCount,publishedTimeText,hasCreatorHeart,authorIsChannelOwner,title,video_description,kol,sentiment,topic,pageUrl
@KumisLele-x7s,Pejabat indonesia ma bukan kayak firngaon tpi justru biangnya firngaon.,comment,0,0,11 hours ago,False,False,Ternyata Inilah Ciri-ciri Firaun yang Ada Pada Pejabat Kita | KH Zainuddin MZ | Damai Indonesiaku,Ternyata Inilah Ciri-ciri Firaun yang Ada Pada Pejabat Kita | KH Zainuddin MZ | Damai Indonesiaku,KH Zainuddin MZ,NEGATIF,pejabat Indonesia berperilaku seperti Firaun,https://www.youtube.com/watch?v=uiTkAdQUGEQ
@muhlismuhlis-r1f,mana suaranya😂😅🤣,comment,0,0,5 days ago,False,False,Ternyata Inilah Ciri-ciri Firaun yang Ada Pada Pejabat Kita | KH Zainuddin MZ | Damai Indonesiaku,Ternyata Inilah Ciri-ciri Firaun yang Ada Pada Pejabat Kita | KH Zainuddin MZ | Damai Indonesiaku,KH Zainuddin MZ,NETRAL,komentar emoji tanpa konteks,https://www.youtube.com/watch?v=uiTkAdQUGEQ
@muhlismuhlis-r1f,😂😅🤣,comment,0,0,5 days ago,False,False,Ternyata Inilah Ciri-ciri Firaun yang Ada Pada Pejabat Kita | KH Zainuddin MZ | Damai Indonesiaku,Ternyata Inilah Ciri-ciri Firaun yang Ada Pada Pejabat Kita | KH Zainuddin MZ | Damai Indonesiaku,KH Zainuddin MZ,NETRAL,komentar emoji tanpa konteks,https://www.youtube.com/watch?v=uiTkAdQUGEQ
@AnismanChaniago,MasyaAllah. Isi ceramahnya sangat bermanfaat. Semoga almarhum husnul khotimah. Aamiin,comment,0,0,5 days ago,False,False,Ternyata Inilah Ciri-ciri Firaun yang Ada Pada Pejabat Kita | KH Zainuddin MZ | Damai Indonesiaku,Ternyata Inilah Ciri-ciri Firaun yang Ada Pada Pejabat Kita | KH Zainuddin MZ | Damai Indonesiaku,KH Zainuddin MZ,POSITIF,doa untuk almarhum KH Zainuddin MZ,https://www.youtube.com/watch?v=uiTkAdQUGEQ
@H3n-w2b,Ulama yang dicintai umat.semoha Khusnul khotimah pak Kyai,comment,0,0,6 days ago,False,False,Ternyata Inilah Ciri-ciri Firaun yang Ada Pada Pejabat Kita | KH Zainuddin MZ | Damai Indonesiaku,Ternyata Inilah Ciri-ciri Firaun yang Ada Pada Pejabat Kita | KH Zainuddin MZ | Damai Indonesiaku,KH Zainuddin MZ,POSITIF,doa dan pujian untuk almarhum ulama,https://www.youtube.com/watch?v=uiTkAdQUGEQ
@muhlismuhlis-r1f,😂😅🤣,comment,0,0,6 days ago,False,False,Ternyata Inilah Ciri-ciri Firaun yang Ada Pada Pejabat Kita | KH Zainuddin MZ | Damai Indonesiaku,Ternyata Inilah Ciri-ciri Firaun yang Ada Pada Pejabat Kita | KH Zainuddin MZ | Damai Indonesiaku,KH Zainuddin MZ,NETRAL,komentar emoji tanpa konteks,https://www.youtube.com/watch?v=uiTkAdQUGEQ
@user-iu2lv4bu3g,Dasar Malboro ( Mall Borrow ngak tueh ? ) dasar......Am The One.....! 🤭,comment,0,0,7 days ago,False,False,Ternyata Inilah Ciri-ciri Firaun yang Ada Pada Pejabat Kita | KH Zainuddin MZ | Damai Indonesiaku,Ternyata Inilah Ciri-ciri Firaun yang Ada Pada Pejabat Kita | KH Zainuddin MZ | Damai Indonesiaku,KH Zainuddin MZ,NEGATIF,komentar tidak relevan dan mengejek,https://www.youtube.com/watch?v=uiTkAdQUGEQ
@PainoIno-f9b,Minta2 kerja keras,comment,0,0,7 days ago,False,False,Ternyata Inilah Ciri-ciri Firaun yang Ada Pada Pejabat Kita | KH Zainuddin MZ | Damai Indonesiaku,Ternyata Inilah Ciri-ciri Firaun yang Ada Pada Pejabat Kita | KH Zainuddin MZ | Damai Indonesiaku,KH Zainuddin MZ,NETRAL,komentar ambigu tanpa konteks,https://www.youtube.com/watch?v=uiTkAdQUGEQ
@PainoIno-f9b,Tepat terlalu megah firaun bahaya,comment,0,0,7 days ago,False,False,Ternyata Inilah Ciri-ciri Firaun yang Ada Pada Pejabat Kita | KH Zainuddin MZ | Damai Indonesiaku,Ternyata Inilah Ciri-ciri Firaun yang Ada Pada Pejabat Kita | KH Zainuddin MZ | Damai Indonesiaku,KH Zainuddin MZ,NEGATIF,peringatan bahaya sifat Firaun pada pemimpin,https://www.youtube.com/watch?v=uiTkAdQUGEQ
@PainoIno-f9b,Rokok terlau kankerkantong ke,comment,0,0,7 days ago,False,False,Ternyata Inilah Ciri-ciri Firaun yang Ada Pada Pejabat Kita | KH Zainuddin MZ | Damai Indonesiaku,Ternyata Inilah Ciri-ciri Firaun yang Ada Pada Pejabat Kita | KH Zainuddin MZ | Damai Indonesiaku,KH Zainuddin MZ,NEGATIF,kritik terhadap bahaya rokok,https://www.youtube.com/watch?v=uiTkAdQUGEQ
@PainoIno-f9b,Haram qarom qalal halal araf nulisnya tepat,comment,0,0,7 days ago,False,False,Ternyata Inilah Ciri-ciri Firaun yang Ada Pada Pejabat Kita | KH Zainuddin MZ | Damai Indonesiaku,Ternyata Inilah Ciri-ciri Firaun yang Ada Pada Pejabat Kita | KH Zainuddin MZ | Damai Indonesiaku,KH Zainuddin MZ,NETRAL,komentar ambigu soal halal haram,https://www.youtube.com/watch?v=uiTkAdQUGEQ
@GabukanWonosari-xp8xe,Sangat bermanfaat,comment,1,0,2 weeks ago,False,False,Ternyata Inilah Ciri-ciri Firaun yang Ada Pada Pejabat Kita | KH Zainuddin MZ | Damai Indonesiaku,Ternyata Inilah Ciri-ciri Firaun yang Ada Pada Pejabat Kita | KH Zainuddin MZ | Damai Indonesiaku,KH Zainuddin MZ,POSITIF,apresiasi manfaat ceramah,https://www.youtube.com/watch?v=uiTkAdQUGEQ
@Atih-l7n,Semoga masuk surga,comment,1,0,1 month ago,False,False,Ternyata Inilah Ciri-ciri Firaun yang Ada Pada Pejabat Kita | KH Zainuddin MZ | Damai Indonesiaku,Ternyata Inilah Ciri-ciri Firaun yang Ada Pada Pejabat Kita | KH Zainuddin MZ | Damai Indonesiaku,KH Zainuddin MZ,POSITIF,doa untuk almarhum masuk surga,https://www.youtube.com/watch?v=uiTkAdQUGEQ
@SardiLubis-j3f,!!!!!!!!!!!!!!!!!!!!!!!!!!!!!!!!!!!!!,comment,0,0,2 months ago,False,False,Ternyata Inilah Ciri-ciri Firaun yang Ada Pada Pejabat Kita | KH Zainuddin MZ | Damai Indonesiaku,Ternyata Inilah Ciri-ciri Firaun yang Ada Pada Pejabat Kita | KH Zainuddin MZ | Damai Indonesiaku,KH Zainuddin MZ,NETRAL,komentar spam simbol,https://www.youtube.com/watch?v=uiTkAdQUGEQ
@NunikAchmad,"Pemerataan cman jadi impian,banget mirisnya",comment,1,0,2 months ago,False,False,Ternyata Inilah Ciri-ciri Firaun yang Ada Pada Pejabat Kita | KH Zainuddin MZ | Damai Indonesiaku,Ternyata Inilah Ciri-ciri Firaun yang Ada Pada Pejabat Kita | KH Zainuddin MZ | Damai Indonesiaku,KH Zainuddin MZ,NEGATIF,keprihatinan atas ketimpangan sosial,https://www.youtube.com/watch?v=uiTkAdQUGEQ
@SamsulBahrinst-xt9sn,semoga Khusnul khotimah almarhum Jainuddin MZ di tempat kan Allah SWT di sorga,comment,1,0,2 months ago,False,False,Ternyata Inilah Ciri-ciri Firaun yang Ada Pada Pejabat Kita | KH Zainuddin MZ | Damai Indonesiaku,Ternyata Inilah Ciri-ciri Firaun yang Ada Pada Pejabat Kita | KH Zainuddin MZ | Damai Indonesiaku,KH Zainuddin MZ,POSITIF,doa husnul khotimah untuk almarhum,https://www.youtube.com/watch?v=uiTkAdQUGEQ
@DediSudaryana,Alhamdulillah Krn Adanya medsos keterbukaan informasi publik menjadi paham ... walopun udh Almarhum Zaenudin MZ  Ilmunya bermanfaat,comment,1,0,2 months ago,False,False,Ternyata Inilah Ciri-ciri Firaun yang Ada Pada Pejabat Kita | KH Zainuddin MZ | Damai Indonesiaku,Ternyata Inilah Ciri-ciri Firaun yang Ada Pada Pejabat Kita | KH Zainuddin MZ | Damai Indonesiaku,KH Zainuddin MZ,POSITIF,apresiasi ceramah yang tetap relevan,https://www.youtube.com/watch?v=uiTkAdQUGEQ
@SitiRohaeni-e2y,Hadir nanjung ❤❤❤,comment,1,0,2 months ago,False,False,Ternyata Inilah Ciri-ciri Firaun yang Ada Pada Pejabat Kita | KH Zainuddin MZ | Damai Indonesiaku,Ternyata Inilah Ciri-ciri Firaun yang Ada Pada Pejabat Kita | KH Zainuddin MZ | Damai Indonesiaku,KH Zainuddin MZ,POSITIF,hadir dan apresiasi ceramah,https://www.youtube.com/watch?v=uiTkAdQUGEQ
@totosantoso4930,"Nyata sekarang 
walau ceramahnya taun berapa.
isi ceramahnya sesui dg jaman",comment,1,0,2 months ago,False,False,Ternyata Inilah Ciri-ciri Firaun yang Ada Pada Pejabat Kita | KH Zainuddin MZ | Damai Indonesiaku,Ternyata Inilah Ciri-ciri Firaun yang Ada Pada Pejabat Kita | KH Zainuddin MZ | Damai Indonesiaku,KH Zainuddin MZ,POSITIF,ceramah terbukti relevan dengan kondisi kini,https://www.youtube.com/watch?v=uiTkAdQUGEQ
@MuhamadJarnuji-d8p,Mntp,comment,1,0,2 months ago,False,False,Ternyata Inilah Ciri-ciri Firaun yang Ada Pada Pejabat Kita | KH Zainuddin MZ | Damai Indonesiaku,Ternyata Inilah Ciri-ciri Firaun yang Ada Pada Pejabat Kita | KH Zainuddin MZ | Damai Indonesiaku,KH Zainuddin MZ,POSITIF,apresiasi singkat ceramah,https://www.youtube.com/watch?v=uiTkAdQUGEQ
@MuhammadJamhari-b8j,Seandainya beliau. masih ada ?,comment,1,0,2 months ago,False,False,Ternyata Inilah Ciri-ciri Firaun yang Ada Pada Pejabat Kita | KH Zainuddin MZ | Damai Indonesiaku,Ternyata Inilah Ciri-ciri Firaun yang Ada Pada Pejabat Kita | KH Zainuddin MZ | Damai Indonesiaku,KH Zainuddin MZ,POSITIF,kerinduan terhadap almarhum ulama,https://www.youtube.com/watch?v=uiTkAdQUGEQ
@eddysulaeman-v2f,"Mantap, singkat padat, Qorun, Rakus banyak pejabat2 di negri konoha, ceramah sdh tahunan ternyata jadi kenyataan saat ini",comment,1,0,2 months ago,False,False,Ternyata Inilah Ciri-ciri Firaun yang Ada Pada Pejabat Kita | KH Zainuddin MZ | Damai Indonesiaku,Ternyata Inilah Ciri-ciri Firaun yang Ada Pada Pejabat Kita | KH Zainuddin MZ | Damai Indonesiaku,KH Zainuddin MZ,POSITIF,"ceramah terbukti relevan, sindiran korupsi",https://www.youtube.com/watch?v=uiTkAdQUGEQ
@eddysulaeman-v2f,"Jas merah, Jangan se XX melupakan sejarah❤❤❤",comment,1,0,2 months ago,False,False,Ternyata Inilah Ciri-ciri Firaun yang Ada Pada Pejabat Kita | KH Zainuddin MZ | Damai Indonesiaku,Ternyata Inilah Ciri-ciri Firaun yang Ada Pada Pejabat Kita | KH Zainuddin MZ | Damai Indonesiaku,KH Zainuddin MZ,POSITIF,ajakan tidak melupakan sejarah,https://www.youtube.com/watch?v=uiTkAdQUGEQ
@almusthofamusthofa-n6u,alfatihah untuk al marhum,comment,1,0,2 months ago,False,False,Ternyata Inilah Ciri-ciri Firaun yang Ada Pada Pejabat Kita | KH Zainuddin MZ | Damai Indonesiaku,Ternyata Inilah Ciri-ciri Firaun yang Ada Pada Pejabat Kita | KH Zainuddin MZ | Damai Indonesiaku,KH Zainuddin MZ,POSITIF,doa alfatihah untuk almarhum,https://www.youtube.com/watch?v=uiTkAdQUGEQ
@BambangSutrisno-k1k,Nyimak hadir 🙏🙏👍,comment,2,0,2 months ago,False,False,Ternyata Inilah Ciri-ciri Firaun yang Ada Pada Pejabat Kita | KH Zainuddin MZ | Damai Indonesiaku,Ternyata Inilah Ciri-ciri Firaun yang Ada Pada Pejabat Kita | KH Zainuddin MZ | Damai Indonesiaku,KH Zainuddin MZ,POSITIF,hadir dan menyimak ceramah,https://www.youtube.com/watch?v=uiTkAdQUGEQ
@DolainiBinyunos,"10 tahun berlalu sampai sekarang, Indonesa d pimpin gaya àtau cara LICIK firaun",comment,1,0,2 months ago,False,False,Ternyata Inilah Ciri-ciri Firaun yang Ada Pada Pejabat Kita | KH Zainuddin MZ | Damai Indonesiaku,Ternyata Inilah Ciri-ciri Firaun yang Ada Pada Pejabat Kita | KH Zainuddin MZ | Damai Indonesiaku,KH Zainuddin MZ,NEGATIF,Indonesia dipimpin dengan cara licik seperti Firaun,https://www.youtube.com/watch?v=uiTkAdQUGEQ
@darulkusumawardana706,Bagus ALM roko makruh,comment,1,0,2 months ago,False,False,Ternyata Inilah Ciri-ciri Firaun yang Ada Pada Pejabat Kita | KH Zainuddin MZ | Damai Indonesiaku,Ternyata Inilah Ciri-ciri Firaun yang Ada Pada Pejabat Kita | KH Zainuddin MZ | Damai Indonesiaku,KH Zainuddin MZ,POSITIF,apresiasi ceramah dan pendapat rokok makruh,https://www.youtube.com/watch?v=uiTkAdQUGEQ
@CekWiii,Dengan musuh baik..dengan rakyat sendiri ..bermusuhan .betul juga,comment,1,0,2 months ago,False,False,Ternyata Inilah Ciri-ciri Firaun yang Ada Pada Pejabat Kita | KH Zainuddin MZ | Damai Indonesiaku,Ternyata Inilah Ciri-ciri Firaun yang Ada Pada Pejabat Kita | KH Zainuddin MZ | Damai Indonesiaku,KH Zainuddin MZ,NEGATIF,"sindiran pemimpin baik ke musuh, jahat ke rakyat",https://www.youtube.com/watch?v=uiTkAdQUGEQ
@ancgdefghi5508,"Masya Allooh ...msh bisa lihat KH Zaenuddin MZ, walaupun beliau sdh almarhum. 
Alhamdulillah saya sempat beli kaset2 ceramah baliau.
Saat msh menggunakan pita kaset.  Alfatihah..",comment,0,0,3 months ago,False,False,Ternyata Inilah Ciri-ciri Firaun yang Ada Pada Pejabat Kita | KH Zainuddin MZ | Damai Indonesiaku,Ternyata Inilah Ciri-ciri Firaun yang Ada Pada Pejabat Kita | KH Zainuddin MZ | Damai Indonesiaku,KH Zainuddin MZ,POSITIF,"kenangan membeli kaset ceramah, doa alfatihah",https://www.youtube.com/watch?v=uiTkAdQUGEQ
@rickyputra9668,Mulyono,comment,1,0,3 months ago,False,False,Ternyata Inilah Ciri-ciri Firaun yang Ada Pada Pejabat Kita | KH Zainuddin MZ | Damai Indonesiaku,Ternyata Inilah Ciri-ciri Firaun yang Ada Pada Pejabat Kita | KH Zainuddin MZ | Damai Indonesiaku,KH Zainuddin MZ,NEGATIF,sindiran nama tokoh politik,https://www.youtube.com/watch?v=uiTkAdQUGEQ
@dinosuparnoparno4195,🤫,comment,1,0,3 months ago,False,False,Ternyata Inilah Ciri-ciri Firaun yang Ada Pada Pejabat Kita | KH Zainuddin MZ | Damai Indonesiaku,Ternyata Inilah Ciri-ciri Firaun yang Ada Pada Pejabat Kita | KH Zainuddin MZ | Damai Indonesiaku,KH Zainuddin MZ,NETRAL,komentar emoji tanpa konteks,https://www.youtube.com/watch?v=uiTkAdQUGEQ
@ParionoPariono-f8s,Betul itu Pak khmz,comment,1,0,3 months ago,False,False,Ternyata Inilah Ciri-ciri Firaun yang Ada Pada Pejabat Kita | KH Zainuddin MZ | Damai Indonesiaku,Ternyata Inilah Ciri-ciri Firaun yang Ada Pada Pejabat Kita | KH Zainuddin MZ | Damai Indonesiaku,KH Zainuddin MZ,POSITIF,setuju dengan pernyataan KH Zainuddin MZ,https://www.youtube.com/watch?v=uiTkAdQUGEQ
@sumarsisumarsi6434,Byk terbukti faktanya saat sekarang yg di smpaikan pak kyai,comment,1,0,3 months ago,False,False,Ternyata Inilah Ciri-ciri Firaun yang Ada Pada Pejabat Kita | KH Zainuddin MZ | Damai Indonesiaku,Ternyata Inilah Ciri-ciri Firaun yang Ada Pada Pejabat Kita | KH Zainuddin MZ | Damai Indonesiaku,KH Zainuddin MZ,POSITIF,ceramah terbukti faktual di masa kini,https://www.youtube.com/watch?v=uiTkAdQUGEQ
@Subli1234-l7z,jikowi,comment,1,0,3 months ago,False,False,Ternyata Inilah Ciri-ciri Firaun yang Ada Pada Pejabat Kita | KH Zainuddin MZ | Damai Indonesiaku,Ternyata Inilah Ciri-ciri Firaun yang Ada Pada Pejabat Kita | KH Zainuddin MZ | Damai Indonesiaku,KH Zainuddin MZ,NEGATIF,sindiran nama tokoh politik,https://www.youtube.com/watch?v=uiTkAdQUGEQ
@AAz-x8b,"Tp jangan berguru ke Kyai2 NU, salafi dll yg beraliran sesat tersuap bikin rakyat bangkrut anarkis takut kesaing ga dapat Amplop lalu memfitnah wahabi dan membakar masjid muhammadiyah di Aceh bengis kepada Islam, merubah ALQURAN memuji nabi sederajat dengan ALLOHSWT tertulis di solawat nariyah dll, tahayul menganggap wali kepada orang yg tidak bertaqwa tidak berani jihad pemilu dll padahal nabi bersabda Dakwah kepenguasa itu jihad yg besar, dangdut porno berbahasa arab dianggap solawatan diiringi joget2 porno, mentradisikan ritual2 karangan dll sehingga membuang menyaingi ibadah2 yg dicontohkan oleh nabi. ALQURAN kuno memuat iptek itu bukti ALQURAN firman ALLOHSWT esa yg melanggar quran hadis pasti tersesat celaka dinraka. YMualaf F dll",comment,0,0,3 months ago,False,False,Ternyata Inilah Ciri-ciri Firaun yang Ada Pada Pejabat Kita | KH Zainuddin MZ | Damai Indonesiaku,Ternyata Inilah Ciri-ciri Firaun yang Ada Pada Pejabat Kita | KH Zainuddin MZ | Damai Indonesiaku,KH Zainuddin MZ,NEGATIF,kritik keras terhadap aliran keagamaan tertentu,https://www.youtube.com/watch?v=uiTkAdQUGEQ
@kahvenicco6670,Al marhum KH Zainuddin wejangannya sangat bagus,comment,1,0,3 months ago,False,False,Ternyata Inilah Ciri-ciri Firaun yang Ada Pada Pejabat Kita | KH Zainuddin MZ | Damai Indonesiaku,Ternyata Inilah Ciri-ciri Firaun yang Ada Pada Pejabat Kita | KH Zainuddin MZ | Damai Indonesiaku,KH Zainuddin MZ,POSITIF,apresiasi wejangan almarhum KH Zainuddin MZ,https://www.youtube.com/watch?v=uiTkAdQUGEQ
@CentralHape-m6w,Kiainya juga mirip Dajjal,comment,1,0,3 months ago,False,False,Ternyata Inilah Ciri-ciri Firaun yang Ada Pada Pejabat Kita | KH Zainuddin MZ | Damai Indonesiaku,Ternyata Inilah Ciri-ciri Firaun yang Ada Pada Pejabat Kita | KH Zainuddin MZ | Damai Indonesiaku,KH Zainuddin MZ,NEGATIF,tuduhan kiai mirip tokoh jahat,https://www.youtube.com/watch?v=uiTkAdQUGEQ
@UmiArsyi-b3u,"Sejak duet sama si rhoma citra nya jadi jatuh.
Yang ada itu dakwah dan pengorbanan bukan dakwah dan nada, Haq yg bhatil di campur baurkan..",comment,1,0,3 months ago,False,False,Ternyata Inilah Ciri-ciri Firaun yang Ada Pada Pejabat Kita | KH Zainuddin MZ | Damai Indonesiaku,Ternyata Inilah Ciri-ciri Firaun yang Ada Pada Pejabat Kita | KH Zainuddin MZ | Damai Indonesiaku,KH Zainuddin MZ,NEGATIF,kritik percampuran dakwah dan hiburan,https://www.youtube.com/watch?v=uiTkAdQUGEQ
@sipanpurbalingga-jh1qv,Pejabat di Indonesia bukan hanya mirip Fir'aun tetapi memang  Fir'aun Indonesia yg Menghancurkan Kehidupan Manusia dn alam indonesia,comment,1,0,3 months ago,False,False,Ternyata Inilah Ciri-ciri Firaun yang Ada Pada Pejabat Kita | KH Zainuddin MZ | Damai Indonesiaku,Ternyata Inilah Ciri-ciri Firaun yang Ada Pada Pejabat Kita | KH Zainuddin MZ | Damai Indonesiaku,KH Zainuddin MZ,NEGATIF,pejabat Indonesia lebih buruk dari Firaun,https://www.youtube.com/watch?v=uiTkAdQUGEQ
@aseptadinataAsep,Asep❤,comment,2,0,3 months ago (edited),False,False,Ternyata Inilah Ciri-ciri Firaun yang Ada Pada Pejabat Kita | KH Zainuddin MZ | Damai Indonesiaku,Ternyata Inilah Ciri-ciri Firaun yang Ada Pada Pejabat Kita | KH Zainuddin MZ | Damai Indonesiaku,KH Zainuddin MZ,NETRAL,komentar nama singkat,https://www.youtube.com/watch?v=uiTkAdQUGEQ
@TotoKarto-e7b1z,Semoga bahagia di alam baka,comment,1,0,3 months ago,False,False,Ternyata Inilah Ciri-ciri Firaun yang Ada Pada Pejabat Kita | KH Zainuddin MZ | Damai Indonesiaku,Ternyata Inilah Ciri-ciri Firaun yang Ada Pada Pejabat Kita | KH Zainuddin MZ | Damai Indonesiaku,KH Zainuddin MZ,POSITIF,doa kebahagiaan untuk almarhum,https://www.youtube.com/watch?v=uiTkAdQUGEQ
@Usman-l8u,"ya Allah ya Robbi....berikan dan tempatkan lah beliau alm. KH Zainuddin MZ di surga mu ya Allah, Al-fatihah....",comment,1,0,3 months ago,False,False,Ternyata Inilah Ciri-ciri Firaun yang Ada Pada Pejabat Kita | KH Zainuddin MZ | Damai Indonesiaku,Ternyata Inilah Ciri-ciri Firaun yang Ada Pada Pejabat Kita | KH Zainuddin MZ | Damai Indonesiaku,KH Zainuddin MZ,POSITIF,doa untuk almarhum KH Zainuddin MZ,https://www.youtube.com/watch?v=uiTkAdQUGEQ
@danauarjunasambadanausamba2698,betuul bangeeet,comment,1,0,3 months ago,False,False,Ternyata Inilah Ciri-ciri Firaun yang Ada Pada Pejabat Kita | KH Zainuddin MZ | Damai Indonesiaku,Ternyata Inilah Ciri-ciri Firaun yang Ada Pada Pejabat Kita | KH Zainuddin MZ | Damai Indonesiaku,KH Zainuddin MZ,POSITIF,setuju dengan isi ceramah,https://www.youtube.com/watch?v=uiTkAdQUGEQ
@bersintambunan9270,Betul itu lah fakta kenyataan sp Mahdi bocah kelak dosa mreka permanen,comment,0,0,3 months ago,False,False,Ternyata Inilah Ciri-ciri Firaun yang Ada Pada Pejabat Kita | KH Zainuddin MZ | Damai Indonesiaku,Ternyata Inilah Ciri-ciri Firaun yang Ada Pada Pejabat Kita | KH Zainuddin MZ | Damai Indonesiaku,KH Zainuddin MZ,NEGATIF,ancaman siksa bagi pemimpin zalim,https://www.youtube.com/watch?v=uiTkAdQUGEQ
@arifmampang9199,"Al-fatiahaah khusus nya bt Alrm BPK, kyai ustadtz H,pro, H, Zainuddin MZ bin pulan, Aamiin yaa Rabbal Al'alamiin 🤲🤲🤲",comment,1,0,3 months ago,False,False,Ternyata Inilah Ciri-ciri Firaun yang Ada Pada Pejabat Kita | KH Zainuddin MZ | Damai Indonesiaku,Ternyata Inilah Ciri-ciri Firaun yang Ada Pada Pejabat Kita | KH Zainuddin MZ | Damai Indonesiaku,KH Zainuddin MZ,POSITIF,doa alfatihah untuk almarhum,https://www.youtube.com/watch?v=uiTkAdQUGEQ
@donimariodoniperes,😂😂😂disini bnyk pejabat seperti firaun umum nya riau ini,comment,0,0,3 months ago,False,False,Ternyata Inilah Ciri-ciri Firaun yang Ada Pada Pejabat Kita | KH Zainuddin MZ | Damai Indonesiaku,Ternyata Inilah Ciri-ciri Firaun yang Ada Pada Pejabat Kita | KH Zainuddin MZ | Damai Indonesiaku,KH Zainuddin MZ,NEGATIF,sindiran banyak pejabat Firaun di daerah,https://www.youtube.com/watch?v=uiTkAdQUGEQ
@Dedinugraha-d4q4h,Al Fatihah buat alm zainudin MZ...,comment,1,0,4 months ago,False,False,Ternyata Inilah Ciri-ciri Firaun yang Ada Pada Pejabat Kita | KH Zainuddin MZ | Damai Indonesiaku,Ternyata Inilah Ciri-ciri Firaun yang Ada Pada Pejabat Kita | KH Zainuddin MZ | Damai Indonesiaku,KH Zainuddin MZ,POSITIF,doa alfatihah untuk almarhum,https://www.youtube.com/watch?v=uiTkAdQUGEQ
@Mama-qi1hn,Ucapan KH Zainuddin MZ sebelum wafat terbukti sekarang.apa yg sedang di alami bangsa Indonesia,comment,1,0,4 months ago,False,False,Ternyata Inilah Ciri-ciri Firaun yang Ada Pada Pejabat Kita | KH Zainuddin MZ | Damai Indonesiaku,Ternyata Inilah Ciri-ciri Firaun yang Ada Pada Pejabat Kita | KH Zainuddin MZ | Damai Indonesiaku,KH Zainuddin MZ,POSITIF,ceramah sebelum wafat terbukti nyata,https://www.youtube.com/watch?v=uiTkAdQUGEQ
@aminanwar5765,Pimpinan di Indonesia gak takut Kpd tuhan..tpi lebih takut klu gak bisa korupsi..bakal miskin..,comment,1,0,4 months ago,False,False,Ternyata Inilah Ciri-ciri Firaun yang Ada Pada Pejabat Kita | KH Zainuddin MZ | Damai Indonesiaku,Ternyata Inilah Ciri-ciri Firaun yang Ada Pada Pejabat Kita | KH Zainuddin MZ | Damai Indonesiaku,KH Zainuddin MZ,NEGATIF,kritik pemimpin lebih takut miskin daripada Tuhan,https://www.youtube.com/watch?v=uiTkAdQUGEQ
@AbcdefgId-p8f,Benarrr pejabat yg rakus tamak serakah korupsi seperti Fir'aun,comment,0,0,4 months ago,False,False,Ternyata Inilah Ciri-ciri Firaun yang Ada Pada Pejabat Kita | KH Zainuddin MZ | Damai Indonesiaku,Ternyata Inilah Ciri-ciri Firaun yang Ada Pada Pejabat Kita | KH Zainuddin MZ | Damai Indonesiaku,KH Zainuddin MZ,NEGATIF,pejabat rakus serakah seperti Firaun,https://www.youtube.com/watch?v=uiTkAdQUGEQ
@hasannudin5855,"Banyak perempuan kena kanker,padahal mereka bukan perokok.",comment,0,0,4 months ago,False,False,Ternyata Inilah Ciri-ciri Firaun yang Ada Pada Pejabat Kita | KH Zainuddin MZ | Damai Indonesiaku,Ternyata Inilah Ciri-ciri Firaun yang Ada Pada Pejabat Kita | KH Zainuddin MZ | Damai Indonesiaku,KH Zainuddin MZ,NEGATIF,kritik bahaya asap rokok bagi non-perokok,https://www.youtube.com/watch?v=uiTkAdQUGEQ
@DirGanov,"PEJÀBAT ITU CERMINAN DARI RAKYAT INDONESIA YANG TIDAK BERIMAN ....KENAPA TIDAK 350TH+  DIJAJAH, ITU YANG MEMBUAT JAHILIYAH",comment,0,0,4 months ago,False,False,Ternyata Inilah Ciri-ciri Firaun yang Ada Pada Pejabat Kita | KH Zainuddin MZ | Damai Indonesiaku,Ternyata Inilah Ciri-ciri Firaun yang Ada Pada Pejabat Kita | KH Zainuddin MZ | Damai Indonesiaku,KH Zainuddin MZ,NEGATIF,pejabat cerminan rakyat tidak beriman,https://www.youtube.com/watch?v=uiTkAdQUGEQ
@MaswardiiDumaii,Allahuakbar allahuakbar allahuakbar alhamdulillah,comment,1,0,4 months ago,False,False,Ternyata Inilah Ciri-ciri Firaun yang Ada Pada Pejabat Kita | KH Zainuddin MZ | Damai Indonesiaku,Ternyata Inilah Ciri-ciri Firaun yang Ada Pada Pejabat Kita | KH Zainuddin MZ | Damai Indonesiaku,KH Zainuddin MZ,POSITIF,ungkapan dzikir dan pujian kepada Allah,https://www.youtube.com/watch?v=uiTkAdQUGEQ
@MafaniRahman,Dikonoha ada raja firaun yaitu mulyono yg banyak melihara ternak mul,comment,0,0,4 months ago,False,False,Ternyata Inilah Ciri-ciri Firaun yang Ada Pada Pejabat Kita | KH Zainuddin MZ | Damai Indonesiaku,Ternyata Inilah Ciri-ciri Firaun yang Ada Pada Pejabat Kita | KH Zainuddin MZ | Damai Indonesiaku,KH Zainuddin MZ,NEGATIF,sindiran tokoh politik sebagai Firaun modern,https://www.youtube.com/watch?v=uiTkAdQUGEQ
@Abdurahman-y1t,3 golongan kaum musyrikin munafikin Wal kafirin para penghuninya neraka zahanam yg hdpnya gilaaaaa harta tahta jabatan  Audzubillahiminzalik Astagfirullahaazdim 😮😮😮,comment,0,0,4 months ago,False,False,Ternyata Inilah Ciri-ciri Firaun yang Ada Pada Pejabat Kita | KH Zainuddin MZ | Damai Indonesiaku,Ternyata Inilah Ciri-ciri Firaun yang Ada Pada Pejabat Kita | KH Zainuddin MZ | Damai Indonesiaku,KH Zainuddin MZ,NEGATIF,peringatan azab bagi golongan musyrik dan kafir,https://www.youtube.com/watch?v=uiTkAdQUGEQ
@pakwarso4243,Bukan wirun lagi tapj udah kaya iblis,comment,0,0,4 months ago,False,False,Ternyata Inilah Ciri-ciri Firaun yang Ada Pada Pejabat Kita | KH Zainuddin MZ | Damai Indonesiaku,Ternyata Inilah Ciri-ciri Firaun yang Ada Pada Pejabat Kita | KH Zainuddin MZ | Damai Indonesiaku,KH Zainuddin MZ,NEGATIF,pejabat sudah melebihi kejahatan Firaun,https://www.youtube.com/watch?v=uiTkAdQUGEQ
@omharis6748,"Kata KH.Zainudin MZ,...!!! Tirulah NABI YUSUF AS ,..DIPENJARA Dulu Baru JADI PEJABAT,....!!! ( Tidak Seperti PEJABAT Sekarang,...JADI PEJABAT Dulu,....BARU MASUK PENJARA,...🏢🏢🏢...melas.!!!",comment,1,0,4 months ago,False,False,Ternyata Inilah Ciri-ciri Firaun yang Ada Pada Pejabat Kita | KH Zainuddin MZ | Damai Indonesiaku,Ternyata Inilah Ciri-ciri Firaun yang Ada Pada Pejabat Kita | KH Zainuddin MZ | Damai Indonesiaku,KH Zainuddin MZ,POSITIF,kisah Nabi Yusuf sebagai teladan pejabat,https://www.youtube.com/watch?v=uiTkAdQUGEQ
@BENGEK_CIHAAAAA_EHIK,"DI TUDUH PKI SAYA DIAM,,DI FITNAH SAYA DIAM,DI JELEK2 KEN SAYA DIAM,,TPI SEKARAAANGG SAATNYA SAYA NGELES😁🤭",comment,1,0,4 months ago,False,False,Ternyata Inilah Ciri-ciri Firaun yang Ada Pada Pejabat Kita | KH Zainuddin MZ | Damai Indonesiaku,Ternyata Inilah Ciri-ciri Firaun yang Ada Pada Pejabat Kita | KH Zainuddin MZ | Damai Indonesiaku,KH Zainuddin MZ,NEGATIF,sindir balik atas tuduhan PKI,https://www.youtube.com/watch?v=uiTkAdQUGEQ
@ytvan0012,Apa bedanya Fir'aun dan yg lain 😅 jika Fir'aun beruang yg lain apa,comment,1,0,4 months ago,False,False,Ternyata Inilah Ciri-ciri Firaun yang Ada Pada Pejabat Kita | KH Zainuddin MZ | Damai Indonesiaku,Ternyata Inilah Ciri-ciri Firaun yang Ada Pada Pejabat Kita | KH Zainuddin MZ | Damai Indonesiaku,KH Zainuddin MZ,NETRAL,pertanyaan retoris soal perbedaan Firaun,https://www.youtube.com/watch?v=uiTkAdQUGEQ
@leeroychavirosy9722,"Semoga makin banyak para kyai,,kyai seperti beliau untuk memberikan pencerahan dalam kehidupan di dunia dalam ke adaan keberkahan seperti jaman Alm, Hm, Soeharto indonesia yang damai , aman ,tentrem dan sejahtera ,",comment,1,0,4 months ago,False,False,Ternyata Inilah Ciri-ciri Firaun yang Ada Pada Pejabat Kita | KH Zainuddin MZ | Damai Indonesiaku,Ternyata Inilah Ciri-ciri Firaun yang Ada Pada Pejabat Kita | KH Zainuddin MZ | Damai Indonesiaku,KH Zainuddin MZ,POSITIF,harapan ulama seperti beliau terus lahir,https://www.youtube.com/watch?v=uiTkAdQUGEQ
@UburUburdaratan83,Ini kl yg ceramahnya HRS udh pasti di caci ama para pembenci Habaib,comment,1,0,4 months ago,False,False,Ternyata Inilah Ciri-ciri Firaun yang Ada Pada Pejabat Kita | KH Zainuddin MZ | Damai Indonesiaku,Ternyata Inilah Ciri-ciri Firaun yang Ada Pada Pejabat Kita | KH Zainuddin MZ | Damai Indonesiaku,KH Zainuddin MZ,NEGATIF,ceramah HRS pasti diserang pembenci Habaib,https://www.youtube.com/watch?v=uiTkAdQUGEQ
@AbcdefgId-p8f,"Monyet tamak rakus serakah! ,,Jagan lupa jas merahhh ya? Di situ kesukseskan kaya mendadak cantik ganteng mendadak! ,,nabi Yusuf aura nya yg membuat manusia seluruh dunia suka ke pada nya,,lebih baik dia di kurung ,,dari pada di sana sini di Tarek banyak orang! ,, 🌎🇮🇩♥️🤍❤️‍🩹💚🌹🌙⭐🌞📖📿🕋🕌🤲👑💯",comment,1,0,4 months ago,False,False,Ternyata Inilah Ciri-ciri Firaun yang Ada Pada Pejabat Kita | KH Zainuddin MZ | Damai Indonesiaku,Ternyata Inilah Ciri-ciri Firaun yang Ada Pada Pejabat Kita | KH Zainuddin MZ | Damai Indonesiaku,KH Zainuddin MZ,NEGATIF,sindiran keras pejabat tamak dan rakus,https://www.youtube.com/watch?v=uiTkAdQUGEQ
@emzahri5457,"Klu kita tengok sekarang,
Pemerintahan yng skrang ini,sdah mulai kearah pemerintahan Fir'aun,
Siitim demokrasi sdah mulai di bungkam,,🥹",comment,1,0,4 months ago,False,False,Ternyata Inilah Ciri-ciri Firaun yang Ada Pada Pejabat Kita | KH Zainuddin MZ | Damai Indonesiaku,Ternyata Inilah Ciri-ciri Firaun yang Ada Pada Pejabat Kita | KH Zainuddin MZ | Damai Indonesiaku,KH Zainuddin MZ,NEGATIF,demokrasi mulai mengarah ke pemerintahan Firaun,https://www.youtube.com/watch?v=uiTkAdQUGEQ
@alnumaa,betul betul dari RT sampai DPR banyak yang jahat... apa tidak takut ama ALLAH SWT ya...,comment,2,0,4 months ago,False,False,Ternyata Inilah Ciri-ciri Firaun yang Ada Pada Pejabat Kita | KH Zainuddin MZ | Damai Indonesiaku,Ternyata Inilah Ciri-ciri Firaun yang Ada Pada Pejabat Kita | KH Zainuddin MZ | Damai Indonesiaku,KH Zainuddin MZ,NEGATIF,pejabat dari RT hingga DPR banyak yang jahat,https://www.youtube.com/watch?v=uiTkAdQUGEQ
@buyak2600,untung lah KH Zainudin MZ tak merasa kelakuan si mulyono .. lebih parah lg..,comment,1,0,4 months ago,False,False,Ternyata Inilah Ciri-ciri Firaun yang Ada Pada Pejabat Kita | KH Zainuddin MZ | Damai Indonesiaku,Ternyata Inilah Ciri-ciri Firaun yang Ada Pada Pejabat Kita | KH Zainuddin MZ | Damai Indonesiaku,KH Zainuddin MZ,NEGATIF,sindiran kelakuan tokoh politik lebih parah dari Firaun,https://www.youtube.com/watch?v=uiTkAdQUGEQ
@gondrongdrong4330,Betul  100 persen  kelakuan Firaun .,comment,0,0,4 months ago,False,False,Ternyata Inilah Ciri-ciri Firaun yang Ada Pada Pejabat Kita | KH Zainuddin MZ | Damai Indonesiaku,Ternyata Inilah Ciri-ciri Firaun yang Ada Pada Pejabat Kita | KH Zainuddin MZ | Damai Indonesiaku,KH Zainuddin MZ,NEGATIF,pejabat berperilaku persis Firaun,https://www.youtube.com/watch?v=uiTkAdQUGEQ
@Hermansyah-cz3zt,"Jokowi mbah,keteknya Indonesia",comment,0,0,4 months ago,False,False,Ternyata Inilah Ciri-ciri Firaun yang Ada Pada Pejabat Kita | KH Zainuddin MZ | Damai Indonesiaku,Ternyata Inilah Ciri-ciri Firaun yang Ada Pada Pejabat Kita | KH Zainuddin MZ | Damai Indonesiaku,KH Zainuddin MZ,NEGATIF,sindiran nama tokoh politik,https://www.youtube.com/watch?v=uiTkAdQUGEQ
@Hermansyah-cz3zt,Alfatihah kagem Mbah Zainuddin MZ,comment,2,0,4 months ago,False,False,Ternyata Inilah Ciri-ciri Firaun yang Ada Pada Pejabat Kita | KH Zainuddin MZ | Damai Indonesiaku,Ternyata Inilah Ciri-ciri Firaun yang Ada Pada Pejabat Kita | KH Zainuddin MZ | Damai Indonesiaku,KH Zainuddin MZ,POSITIF,doa alfatihah untuk almarhum,https://www.youtube.com/watch?v=uiTkAdQUGEQ
@atik643,Asalamualaikum alhamdulila masih bisa dengerin cramahnya kh zainudin MZ bisa tenang hati alfatiha,comment,1,0,4 months ago,False,False,Ternyata Inilah Ciri-ciri Firaun yang Ada Pada Pejabat Kita | KH Zainuddin MZ | Damai Indonesiaku,Ternyata Inilah Ciri-ciri Firaun yang Ada Pada Pejabat Kita | KH Zainuddin MZ | Damai Indonesiaku,KH Zainuddin MZ,POSITIF,tenang hati mendengar ceramah almarhum,https://www.youtube.com/watch?v=uiTkAdQUGEQ
@arryYanuar-ih3tg,"Kasihan deh gue melarat terus , di tindas terus !!!",comment,1,0,4 months ago,False,False,Ternyata Inilah Ciri-ciri Firaun yang Ada Pada Pejabat Kita | KH Zainuddin MZ | Damai Indonesiaku,Ternyata Inilah Ciri-ciri Firaun yang Ada Pada Pejabat Kita | KH Zainuddin MZ | Damai Indonesiaku,KH Zainuddin MZ,NEGATIF,keluhan rakyat kecil tertindas,https://www.youtube.com/watch?v=uiTkAdQUGEQ
@nazriyaakob7316,"Inilah masa ulamak serta org baik masuk politik.. Tubuhkan parti yg bertunjangkan agama Islam.. Jika org baik menjauhi politik pasti org jahat yg akan masuk.. Itulah kata2 Mr Erdogen presiden Turkiye.
Kerana yg penting, kuasa utk melaksanakan dasar adalah melalui kemenangan berpolitik.",comment,1,0,4 months ago,False,False,Ternyata Inilah Ciri-ciri Firaun yang Ada Pada Pejabat Kita | KH Zainuddin MZ | Damai Indonesiaku,Ternyata Inilah Ciri-ciri Firaun yang Ada Pada Pejabat Kita | KH Zainuddin MZ | Damai Indonesiaku,KH Zainuddin MZ,POSITIF,seruan ulama masuk politik seperti Erdogan,https://www.youtube.com/watch?v=uiTkAdQUGEQ
@siap99,di negeri Konoha udh banyak pejabat prilaku Fir'un,comment,1,0,4 months ago,False,False,Ternyata Inilah Ciri-ciri Firaun yang Ada Pada Pejabat Kita | KH Zainuddin MZ | Damai Indonesiaku,Ternyata Inilah Ciri-ciri Firaun yang Ada Pada Pejabat Kita | KH Zainuddin MZ | Damai Indonesiaku,KH Zainuddin MZ,NEGATIF,pejabat di negeri Konoha berperilaku Firaun,https://www.youtube.com/watch?v=uiTkAdQUGEQ
@sutrisnokumis3689,Semua khotbah kyai Zaenudin MZ terjadi sekarang..,comment,2,0,4 months ago,False,False,Ternyata Inilah Ciri-ciri Firaun yang Ada Pada Pejabat Kita | KH Zainuddin MZ | Damai Indonesiaku,Ternyata Inilah Ciri-ciri Firaun yang Ada Pada Pejabat Kita | KH Zainuddin MZ | Damai Indonesiaku,KH Zainuddin MZ,POSITIF,semua ceramah KH Zainuddin MZ terbukti sekarang,https://www.youtube.com/watch?v=uiTkAdQUGEQ
@Prasojo-f5g,INILAH USTAD YG TIDAK  MENGADU DOMBA  DAN TIDAK MEMECAH BELAH BANGSA  TIDAK MERASA  DIRINYA BENAR TIDAK MEM FITNAH ORANG,comment,1,0,4 months ago,False,False,Ternyata Inilah Ciri-ciri Firaun yang Ada Pada Pejabat Kita | KH Zainuddin MZ | Damai Indonesiaku,Ternyata Inilah Ciri-ciri Firaun yang Ada Pada Pejabat Kita | KH Zainuddin MZ | Damai Indonesiaku,KH Zainuddin MZ,POSITIF,pujian ulama yang tidak mengadu domba bangsa,https://www.youtube.com/watch?v=uiTkAdQUGEQ
@aklanaklan288,Semoga Almarhum ditempatkan di tempat terbaik oleh Allah SWT. mereka lebih parah dari Fir aun,comment,1,0,4 months ago,False,False,Ternyata Inilah Ciri-ciri Firaun yang Ada Pada Pejabat Kita | KH Zainuddin MZ | Damai Indonesiaku,Ternyata Inilah Ciri-ciri Firaun yang Ada Pada Pejabat Kita | KH Zainuddin MZ | Damai Indonesiaku,KH Zainuddin MZ,POSITIF,doa almarhum ditempatkan di tempat terbaik,https://www.youtube.com/watch?v=uiTkAdQUGEQ
@hajisutisna6637,Kaya nya. Pejabat. Kita. Lebih. Jahat  dari. Fir aon,comment,1,0,4 months ago,False,False,Ternyata Inilah Ciri-ciri Firaun yang Ada Pada Pejabat Kita | KH Zainuddin MZ | Damai Indonesiaku,Ternyata Inilah Ciri-ciri Firaun yang Ada Pada Pejabat Kita | KH Zainuddin MZ | Damai Indonesiaku,KH Zainuddin MZ,NEGATIF,pejabat Indonesia lebih jahat dari Firaun,https://www.youtube.com/watch?v=uiTkAdQUGEQ
@RikiIki-h1c1u,Jokowi pir.un moderen.dri RT ampe presiden omon2 takut ma jokowi haaa,comment,2,0,4 months ago,False,False,Ternyata Inilah Ciri-ciri Firaun yang Ada Pada Pejabat Kita | KH Zainuddin MZ | Damai Indonesiaku,Ternyata Inilah Ciri-ciri Firaun yang Ada Pada Pejabat Kita | KH Zainuddin MZ | Damai Indonesiaku,KH Zainuddin MZ,NEGATIF,sindiran Jokowi sebagai Firaun modern,https://www.youtube.com/watch?v=uiTkAdQUGEQ
@jayadijayadi5880,Kiyai idola ku al-fatihah 💚💚💚🤲🤲🤲,comment,1,0,4 months ago,False,False,Ternyata Inilah Ciri-ciri Firaun yang Ada Pada Pejabat Kita | KH Zainuddin MZ | Damai Indonesiaku,Ternyata Inilah Ciri-ciri Firaun yang Ada Pada Pejabat Kita | KH Zainuddin MZ | Damai Indonesiaku,KH Zainuddin MZ,POSITIF,"doa alfatihah, kyai idola",https://www.youtube.com/watch?v=uiTkAdQUGEQ
@elzoelgalaticos.9222,"Akhirul zaman sekarang 😮
Sabda Rasulullah shalallahu alaihi wasallam 😭😭😭😭
Benar sekali",comment,2,0,4 months ago,False,False,Ternyata Inilah Ciri-ciri Firaun yang Ada Pada Pejabat Kita | KH Zainuddin MZ | Damai Indonesiaku,Ternyata Inilah Ciri-ciri Firaun yang Ada Pada Pejabat Kita | KH Zainuddin MZ | Damai Indonesiaku,KH Zainuddin MZ,POSITIF,tanda akhir zaman sesuai sabda Rasulullah,https://www.youtube.com/watch?v=uiTkAdQUGEQ
@YayatYayat-t5d,Kenyataan... !!!!,comment,1,0,4 months ago,False,False,Ternyata Inilah Ciri-ciri Firaun yang Ada Pada Pejabat Kita | KH Zainuddin MZ | Damai Indonesiaku,Ternyata Inilah Ciri-ciri Firaun yang Ada Pada Pejabat Kita | KH Zainuddin MZ | Damai Indonesiaku,KH Zainuddin MZ,POSITIF,ceramah adalah kenyataan masa kini,https://www.youtube.com/watch?v=uiTkAdQUGEQ
@Harianto-h8y,Amiiinnn,comment,0,0,5 months ago,False,False,Ternyata Inilah Ciri-ciri Firaun yang Ada Pada Pejabat Kita | KH Zainuddin MZ | Damai Indonesiaku,Ternyata Inilah Ciri-ciri Firaun yang Ada Pada Pejabat Kita | KH Zainuddin MZ | Damai Indonesiaku,KH Zainuddin MZ,POSITIF,ungkapan amin singkat,https://www.youtube.com/watch?v=uiTkAdQUGEQ
@faikanuri5061,"boss,  tiap  pimpinan   , par ulama',    gubernur , bupati,  sampai  kades  RWRt   setiap sa'at  pasti  mengingatkan  dan mengajak  rakyatnya   untuk berbuat baik dan, benar,, TAPI,,,  kenapa sampai  sa'at ini  masih  banyak   kejahatan, kemungkaran, KENAPA,,,,,,?",comment,26,15,5 months ago,False,False,Ternyata Inilah Ciri-ciri Firaun yang Ada Pada Pejabat Kita | KH Zainuddin MZ | Damai Indonesiaku,Ternyata Inilah Ciri-ciri Firaun yang Ada Pada Pejabat Kita | KH Zainuddin MZ | Damai Indonesiaku,KH Zainuddin MZ,NETRAL,pertanyaan kenapa kejahatan masih ada meski ada pemimpin,https://www.youtube.com/watch?v=uiTkAdQUGEQ
@siap99,Pejabat Fira'un jaman sekarang,comment,1,0,5 months ago,False,False,Ternyata Inilah Ciri-ciri Firaun yang Ada Pada Pejabat Kita | KH Zainuddin MZ | Damai Indonesiaku,Ternyata Inilah Ciri-ciri Firaun yang Ada Pada Pejabat Kita | KH Zainuddin MZ | Damai Indonesiaku,KH Zainuddin MZ,NEGATIF,pejabat Firaun jaman sekarang,https://www.youtube.com/watch?v=uiTkAdQUGEQ
@mayhasni0519,inilah pak kyai zainudin MZ yang tegak lurus depan pejabat berani menyindir dan menyuarakan kebenaran,comment,1,0,5 months ago,False,False,Ternyata Inilah Ciri-ciri Firaun yang Ada Pada Pejabat Kita | KH Zainuddin MZ | Damai Indonesiaku,Ternyata Inilah Ciri-ciri Firaun yang Ada Pada Pejabat Kita | KH Zainuddin MZ | Damai Indonesiaku,KH Zainuddin MZ,POSITIF,pujian keberanian KH Zainuddin menyuarakan kebenaran,https://www.youtube.com/watch?v=uiTkAdQUGEQ
@SalekaEka-m1o,Semoga Almarhum BPK Khiyai Zaenudin MZ mendapatkan surga terindah di sisi Allah SWT Aamiin 🤲,comment,1,0,5 months ago,False,False,Ternyata Inilah Ciri-ciri Firaun yang Ada Pada Pejabat Kita | KH Zainuddin MZ | Damai Indonesiaku,Ternyata Inilah Ciri-ciri Firaun yang Ada Pada Pejabat Kita | KH Zainuddin MZ | Damai Indonesiaku,KH Zainuddin MZ,POSITIF,doa almarhum mendapat surga terindah,https://www.youtube.com/watch?v=uiTkAdQUGEQ
@VivoNew-c4r,Jaenudin mz,comment,0,0,5 months ago,False,False,Ternyata Inilah Ciri-ciri Firaun yang Ada Pada Pejabat Kita | KH Zainuddin MZ | Damai Indonesiaku,Ternyata Inilah Ciri-ciri Firaun yang Ada Pada Pejabat Kita | KH Zainuddin MZ | Damai Indonesiaku,KH Zainuddin MZ,NETRAL,sebut nama KH Zainuddin MZ saja,https://www.youtube.com/watch?v=uiTkAdQUGEQ
@VivoNew-c4r,Jaenudin mz,comment,1,0,5 months ago,False,False,Ternyata Inilah Ciri-ciri Firaun yang Ada Pada Pejabat Kita | KH Zainuddin MZ | Damai Indonesiaku,Ternyata Inilah Ciri-ciri Firaun yang Ada Pada Pejabat Kita | KH Zainuddin MZ | Damai Indonesiaku,KH Zainuddin MZ,NETRAL,sebut nama KH Zainuddin MZ saja,https://www.youtube.com/watch?v=uiTkAdQUGEQ
@zulkifliado1264,semoga arwah almarhum kiyai haji Jainudin MZ mendapatkan Husnul khatimah,comment,1,0,5 months ago,False,False,Ternyata Inilah Ciri-ciri Firaun yang Ada Pada Pejabat Kita | KH Zainuddin MZ | Damai Indonesiaku,Ternyata Inilah Ciri-ciri Firaun yang Ada Pada Pejabat Kita | KH Zainuddin MZ | Damai Indonesiaku,KH Zainuddin MZ,POSITIF,doa husnul khatimah untuk almarhum,https://www.youtube.com/watch?v=uiTkAdQUGEQ
@AhmadCintaEsa,"AL fatihah untuk Almarhum tuan Guru tercinta KH zainuddin mz
🤲🤲🤲🤲🤲🤲🤲🤲",comment,8,0,5 months ago,False,False,Ternyata Inilah Ciri-ciri Firaun yang Ada Pada Pejabat Kita | KH Zainuddin MZ | Damai Indonesiaku,Ternyata Inilah Ciri-ciri Firaun yang Ada Pada Pejabat Kita | KH Zainuddin MZ | Damai Indonesiaku,KH Zainuddin MZ,POSITIF,doa alfatihah untuk almarhum tuan guru,https://www.youtube.com/watch?v=uiTkAdQUGEQ
@SardiLubis-j3f,Pintupadangjae,comment,1,0,5 months ago,False,False,Ternyata Inilah Ciri-ciri Firaun yang Ada Pada Pejabat Kita | KH Zainuddin MZ | Damai Indonesiaku,Ternyata Inilah Ciri-ciri Firaun yang Ada Pada Pejabat Kita | KH Zainuddin MZ | Damai Indonesiaku,KH Zainuddin MZ,NETRAL,komentar lokasi tidak relevan,https://www.youtube.com/watch?v=uiTkAdQUGEQ
@karinkarin1617,"Betul banget,Kta PK kiai zainuddin MZ,para pejabat kota,kyak firoun.",comment,11,0,5 months ago,False,False,Ternyata Inilah Ciri-ciri Firaun yang Ada Pada Pejabat Kita | KH Zainuddin MZ | Damai Indonesiaku,Ternyata Inilah Ciri-ciri Firaun yang Ada Pada Pejabat Kita | KH Zainuddin MZ | Damai Indonesiaku,KH Zainuddin MZ,NEGATIF,pejabat kota seperti Firaun,https://www.youtube.com/watch?v=uiTkAdQUGEQ
@SigitWahyudi-x5w,Siip,comment,2,0,6 months ago,False,False,Ternyata Inilah Ciri-ciri Firaun yang Ada Pada Pejabat Kita | KH Zainuddin MZ | Damai Indonesiaku,Ternyata Inilah Ciri-ciri Firaun yang Ada Pada Pejabat Kita | KH Zainuddin MZ | Damai Indonesiaku,KH Zainuddin MZ,POSITIF,apresiasi singkat ceramah,https://www.youtube.com/watch?v=uiTkAdQUGEQ
@SardiLubis-j3f,P!n+u Padang ?AE...,comment,0,0,7 months ago,False,False,Ternyata Inilah Ciri-ciri Firaun yang Ada Pada Pejabat Kita | KH Zainuddin MZ | Damai Indonesiaku,Ternyata Inilah Ciri-ciri Firaun yang Ada Pada Pejabat Kita | KH Zainuddin MZ | Damai Indonesiaku,KH Zainuddin MZ,NETRAL,komentar lokasi tidak relevan,https://www.youtube.com/watch?v=uiTkAdQUGEQ
@fadlimuharomm5057,Rindu kepada pak yai semoga Khusnul khotimah dr cak dablek sumsel❤❤❤🎉🎉🎉🎉,comment,11,0,7 months ago,False,False,Ternyata Inilah Ciri-ciri Firaun yang Ada Pada Pejabat Kita | KH Zainuddin MZ | Damai Indonesiaku,Ternyata Inilah Ciri-ciri Firaun yang Ada Pada Pejabat Kita | KH Zainuddin MZ | Damai Indonesiaku,KH Zainuddin MZ,POSITIF,rindu dan doa untuk almarhum ulama,https://www.youtube.com/watch?v=uiTkAdQUGEQ
@mustainmustamin-k9f7g,Hehe haha kalau rokok bagi halal bagi saya mengapakah anda mengingkari nikmat Tuhanmu he masih banyak yang lain perlu dibahas hehe❤😂🎉😢😮😅😊,comment,2,0,7 months ago,False,False,Ternyata Inilah Ciri-ciri Firaun yang Ada Pada Pejabat Kita | KH Zainuddin MZ | Damai Indonesiaku,Ternyata Inilah Ciri-ciri Firaun yang Ada Pada Pejabat Kita | KH Zainuddin MZ | Damai Indonesiaku,KH Zainuddin MZ,NETRAL,debat soal rokok halal haram,https://www.youtube.com/watch?v=uiTkAdQUGEQ
@NasrulNas-g7v,ya.btl.kata.kh.zainudin.m.z.pejabat.di.indonesia..lebih.dr.fir.aun.serakah.tak.tau.berterima.ksh.pada.rakyatnya.smg.yg.mahakuasa.membalasnya.amin.,comment,1,0,7 months ago,False,False,Ternyata Inilah Ciri-ciri Firaun yang Ada Pada Pejabat Kita | KH Zainuddin MZ | Damai Indonesiaku,Ternyata Inilah Ciri-ciri Firaun yang Ada Pada Pejabat Kita | KH Zainuddin MZ | Damai Indonesiaku,KH Zainuddin MZ,NEGATIF,pejabat Indonesia lebih serakah dari Firaun,https://www.youtube.com/watch?v=uiTkAdQUGEQ
@RudyYuwono-d1d,"SEMOGA ARWAHNYA diterima di sisi Allah SWT & ditempakan di SORGA YG PALING INDAH,Aamiin yra....maaf ya,orang yg sudah meninggal jangan dipakai untuk alat mencari sesuap nasi kasihan ARWAHNYA",comment,2,0,7 months ago,False,False,Ternyata Inilah Ciri-ciri Firaun yang Ada Pada Pejabat Kita | KH Zainuddin MZ | Damai Indonesiaku,Ternyata Inilah Ciri-ciri Firaun yang Ada Pada Pejabat Kita | KH Zainuddin MZ | Damai Indonesiaku,KH Zainuddin MZ,POSITIF,"doa almarhum di surga terindah, teguran eksploitasi nama",https://www.youtube.com/watch?v=uiTkAdQUGEQ
@MohdHusni-z9h,Kau firaun kot,comment,0,0,7 months ago,False,False,Ternyata Inilah Ciri-ciri Firaun yang Ada Pada Pejabat Kita | KH Zainuddin MZ | Damai Indonesiaku,Ternyata Inilah Ciri-ciri Firaun yang Ada Pada Pejabat Kita | KH Zainuddin MZ | Damai Indonesiaku,KH Zainuddin MZ,NEGATIF,tuduhan ceramah adalah Firaun,https://www.youtube.com/watch?v=uiTkAdQUGEQ
@HepiPurnomo-fz4ii,Alfathihah kh h. Zainuddin mz,comment,6,0,7 months ago,False,False,Ternyata Inilah Ciri-ciri Firaun yang Ada Pada Pejabat Kita | KH Zainuddin MZ | Damai Indonesiaku,Ternyata Inilah Ciri-ciri Firaun yang Ada Pada Pejabat Kita | KH Zainuddin MZ | Damai Indonesiaku,KH Zainuddin MZ,POSITIF,doa alfatihah untuk almarhum,https://www.youtube.com/watch?v=uiTkAdQUGEQ
@tomitomi3507,Hampir ceramah beliau KH ZAINUDIN MZ jaman dulu itu adalah yg akan terjadi di masa mendatang (jaman sekarang),comment,1,0,7 months ago,False,False,Ternyata Inilah Ciri-ciri Firaun yang Ada Pada Pejabat Kita | KH Zainuddin MZ | Damai Indonesiaku,Ternyata Inilah Ciri-ciri Firaun yang Ada Pada Pejabat Kita | KH Zainuddin MZ | Damai Indonesiaku,KH Zainuddin MZ,POSITIF,ceramah dulu terbukti relevan dengan masa kini,https://www.youtube.com/watch?v=uiTkAdQUGEQ
@jonisumaryono,Ustadz Sdh Meninggal ...Ustadz tukang Kawin Nikah 😂 kok Ceramah jualan Agama,comment,0,0,7 months ago,False,False,Ternyata Inilah Ciri-ciri Firaun yang Ada Pada Pejabat Kita | KH Zainuddin MZ | Damai Indonesiaku,Ternyata Inilah Ciri-ciri Firaun yang Ada Pada Pejabat Kita | KH Zainuddin MZ | Damai Indonesiaku,KH Zainuddin MZ,NEGATIF,kritik ustadz yang menikah berkali-kali dan jualan agama,https://www.youtube.com/watch?v=uiTkAdQUGEQ
@nurmamone7211,Alfatihah Zainudin MZ,comment,4,0,7 months ago,False,False,Ternyata Inilah Ciri-ciri Firaun yang Ada Pada Pejabat Kita | KH Zainuddin MZ | Damai Indonesiaku,Ternyata Inilah Ciri-ciri Firaun yang Ada Pada Pejabat Kita | KH Zainuddin MZ | Damai Indonesiaku,KH Zainuddin MZ,POSITIF,doa alfatihah untuk almarhum,https://www.youtube.com/watch?v=uiTkAdQUGEQ
@Hudawi0405,Alfatihah ila ruh kh Zainudin MZ,comment,6,0,7 months ago,False,False,Ternyata Inilah Ciri-ciri Firaun yang Ada Pada Pejabat Kita | KH Zainuddin MZ | Damai Indonesiaku,Ternyata Inilah Ciri-ciri Firaun yang Ada Pada Pejabat Kita | KH Zainuddin MZ | Damai Indonesiaku,KH Zainuddin MZ,POSITIF,doa alfatihah untuk almarhum,https://www.youtube.com/watch?v=uiTkAdQUGEQ
@LaluArtum,"Tukang kayu sifatnya Fir'aun ( ain.najib ) anggota kpps 1200 tewas gak mau di sidik 
7 Laskar FPI, merubah Aturan MK",comment,1,0,7 months ago,False,False,Ternyata Inilah Ciri-ciri Firaun yang Ada Pada Pejabat Kita | KH Zainuddin MZ | Damai Indonesiaku,Ternyata Inilah Ciri-ciri Firaun yang Ada Pada Pejabat Kita | KH Zainuddin MZ | Damai Indonesiaku,KH Zainuddin MZ,NEGATIF,kritik pelanggaran HAM dan perubahan aturan MK,https://www.youtube.com/watch?v=uiTkAdQUGEQ
@refa-eq7ys,"betull pejabat yg setu As dan israil,semua nya pur,un klu realita nya disini,bila dilihat dianelisis betul.klu tidak masuk nereka seoerti terbakar.",comment,1,0,7 months ago,False,False,Ternyata Inilah Ciri-ciri Firaun yang Ada Pada Pejabat Kita | KH Zainuddin MZ | Damai Indonesiaku,Ternyata Inilah Ciri-ciri Firaun yang Ada Pada Pejabat Kita | KH Zainuddin MZ | Damai Indonesiaku,KH Zainuddin MZ,NEGATIF,pejabat pro AS dan Israel adalah Firaun,https://www.youtube.com/watch?v=uiTkAdQUGEQ
@UstadAhmad-c1n,"Subhanallah, semoga di tempatkan di surga pirdaus, belum ada yang menandingi beliau",comment,3,0,7 months ago,False,False,Ternyata Inilah Ciri-ciri Firaun yang Ada Pada Pejabat Kita | KH Zainuddin MZ | Damai Indonesiaku,Ternyata Inilah Ciri-ciri Firaun yang Ada Pada Pejabat Kita | KH Zainuddin MZ | Damai Indonesiaku,KH Zainuddin MZ,POSITIF,doa almarhum di surga firdaus,https://www.youtube.com/watch?v=uiTkAdQUGEQ
@salehudim,"Allahumma shollu ala syydn
Muhammad",comment,7,0,7 months ago,False,False,Ternyata Inilah Ciri-ciri Firaun yang Ada Pada Pejabat Kita | KH Zainuddin MZ | Damai Indonesiaku,Ternyata Inilah Ciri-ciri Firaun yang Ada Pada Pejabat Kita | KH Zainuddin MZ | Damai Indonesiaku,KH Zainuddin MZ,POSITIF,ungkapan shalawat kepada Nabi Muhammad,https://www.youtube.com/watch?v=uiTkAdQUGEQ
@semangat-vf2gv,"Min upload ceramah dulu yg full, tulis dgn tahunnya",comment,13,4,8 months ago,False,False,Ternyata Inilah Ciri-ciri Firaun yang Ada Pada Pejabat Kita | KH Zainuddin MZ | Damai Indonesiaku,Ternyata Inilah Ciri-ciri Firaun yang Ada Pada Pejabat Kita | KH Zainuddin MZ | Damai Indonesiaku,KH Zainuddin MZ,POSITIF,permintaan upload ceramah lengkap dengan tahun,https://www.youtube.com/watch?v=uiTkAdQUGEQ
@MbahOto-g7z9h,"Betul kiyai pemerintah kita itu pemerintahan Fir'aun,",comment,1,0,8 months ago,False,False,Ternyata Inilah Ciri-ciri Firaun yang Ada Pada Pejabat Kita | KH Zainuddin MZ | Damai Indonesiaku,Ternyata Inilah Ciri-ciri Firaun yang Ada Pada Pejabat Kita | KH Zainuddin MZ | Damai Indonesiaku,KH Zainuddin MZ,NEGATIF,pemerintah kita adalah pemerintahan Firaun,https://www.youtube.com/watch?v=uiTkAdQUGEQ
@RioSutaryo-d4s,"Sudah terbukti jauh sebelum Bliau wafat, para Pejabat sekarang ini Bagian dari Fir'aun.",comment,1,0,8 months ago,False,False,Ternyata Inilah Ciri-ciri Firaun yang Ada Pada Pejabat Kita | KH Zainuddin MZ | Damai Indonesiaku,Ternyata Inilah Ciri-ciri Firaun yang Ada Pada Pejabat Kita | KH Zainuddin MZ | Damai Indonesiaku,KH Zainuddin MZ,POSITIF,ceramah almarhum terbukti relevan,https://www.youtube.com/watch?v=uiTkAdQUGEQ
@dimassanjayaoke2450,Hadir tebo jambi,comment,1,0,8 months ago,False,False,Ternyata Inilah Ciri-ciri Firaun yang Ada Pada Pejabat Kita | KH Zainuddin MZ | Damai Indonesiaku,Ternyata Inilah Ciri-ciri Firaun yang Ada Pada Pejabat Kita | KH Zainuddin MZ | Damai Indonesiaku,KH Zainuddin MZ,POSITIF,hadir dari daerah menyimak ceramah,https://www.youtube.com/watch?v=uiTkAdQUGEQ
@achmadjufri9499,Semoga alm KH zainuddi MZ Husnul Hotimah dan mendapatkan tempat yg yg terbaik di hadirat Alloh subhanallah huwata ala amin 🤲🤲🤲 yarobbal alamin  buat admin lanjutkan semoga berkah 🤲🤲🤲,comment,6,1,8 months ago,False,False,Ternyata Inilah Ciri-ciri Firaun yang Ada Pada Pejabat Kita | KH Zainuddin MZ | Damai Indonesiaku,Ternyata Inilah Ciri-ciri Firaun yang Ada Pada Pejabat Kita | KH Zainuddin MZ | Damai Indonesiaku,KH Zainuddin MZ,POSITIF,doa almarhum husnul khotimah di sisi Allah,https://www.youtube.com/watch?v=uiTkAdQUGEQ
@sulissera1944,"Sangat jelas dan tepat sekali apa yang di katakan beliau,itu ceramahnya gampang di cerna,pantas beliau di jadikan pendakwah sejuta umat dan sampai sekarang ga ada satupun yang bisa menggantikan beliau,alpatihah buat almarhum KH zainudin MZ.",comment,1,0,8 months ago,False,False,Ternyata Inilah Ciri-ciri Firaun yang Ada Pada Pejabat Kita | KH Zainuddin MZ | Damai Indonesiaku,Ternyata Inilah Ciri-ciri Firaun yang Ada Pada Pejabat Kita | KH Zainuddin MZ | Damai Indonesiaku,KH Zainuddin MZ,POSITIF,"pujian ceramah mudah dicerna, belum ada penggantinya",https://www.youtube.com/watch?v=uiTkAdQUGEQ
@djoyo_sk,Untung saja si B4B1 rijik dan si B4B1 bahar sama si wabah anies udah nyungsep,comment,0,0,8 months ago,False,False,Ternyata Inilah Ciri-ciri Firaun yang Ada Pada Pejabat Kita | KH Zainuddin MZ | Damai Indonesiaku,Ternyata Inilah Ciri-ciri Firaun yang Ada Pada Pejabat Kita | KH Zainuddin MZ | Damai Indonesiaku,KH Zainuddin MZ,NEGATIF,sindiran tokoh politik oposisi yang sudah jatuh,https://www.youtube.com/watch?v=uiTkAdQUGEQ
@bowosetumbu4211,"Ceramahnya Tepat,  Balasanya Neraka Jahanam Bagi Para Penguasa Dholim,  Semua Pasti Akan Ada Balasanya Hingga Waktu Tiba,  Allahuakbar Laillahaillallah Kunfayakun Malikiyaumidin Alhamdulillahirobbil'alamin ❤",comment,2,1,8 months ago,False,False,Ternyata Inilah Ciri-ciri Firaun yang Ada Pada Pejabat Kita | KH Zainuddin MZ | Damai Indonesiaku,Ternyata Inilah Ciri-ciri Firaun yang Ada Pada Pejabat Kita | KH Zainuddin MZ | Damai Indonesiaku,KH Zainuddin MZ,POSITIF,"ceramah tepat, doa balasan bagi penguasa zalim",https://www.youtube.com/watch?v=uiTkAdQUGEQ
@aghnymardhiyah1157,"Firaun ""Berfarah Dingin""?",comment,0,0,8 months ago,False,False,Ternyata Inilah Ciri-ciri Firaun yang Ada Pada Pejabat Kita | KH Zainuddin MZ | Damai Indonesiaku,Ternyata Inilah Ciri-ciri Firaun yang Ada Pada Pejabat Kita | KH Zainuddin MZ | Damai Indonesiaku,KH Zainuddin MZ,NETRAL,pertanyaan retoris soal Firaun,https://www.youtube.com/watch?v=uiTkAdQUGEQ
@aminKurniawan-m8p,Ceramah nya terbukti Rell,comment,8,0,8 months ago,False,False,Ternyata Inilah Ciri-ciri Firaun yang Ada Pada Pejabat Kita | KH Zainuddin MZ | Damai Indonesiaku,Ternyata Inilah Ciri-ciri Firaun yang Ada Pada Pejabat Kita | KH Zainuddin MZ | Damai Indonesiaku,KH Zainuddin MZ,POSITIF,ceramah terbukti nyata di masa kini,https://www.youtube.com/watch?v=uiTkAdQUGEQ
@1922ga,tvOne skrng udh gak ada lagi nyiarin ceramah kaya alm.kh.zainudin mz,comment,3,0,8 months ago,False,False,Ternyata Inilah Ciri-ciri Firaun yang Ada Pada Pejabat Kita | KH Zainuddin MZ | Damai Indonesiaku,Ternyata Inilah Ciri-ciri Firaun yang Ada Pada Pejabat Kita | KH Zainuddin MZ | Damai Indonesiaku,KH Zainuddin MZ,NEGATIF,kritik tvOne tidak lagi siaran ceramah seperti dulu,https://www.youtube.com/watch?v=uiTkAdQUGEQ
@SmgSmg-z4b2s,Saat ini jangan main main sama rakyat. Nepal sdh jadi kiblat rakyat yg marah,comment,0,1,8 months ago,False,False,Ternyata Inilah Ciri-ciri Firaun yang Ada Pada Pejabat Kita | KH Zainuddin MZ | Damai Indonesiaku,Ternyata Inilah Ciri-ciri Firaun yang Ada Pada Pejabat Kita | KH Zainuddin MZ | Damai Indonesiaku,KH Zainuddin MZ,NEGATIF,peringatan agar pemimpin tidak main-main dengan rakyat,https://www.youtube.com/watch?v=uiTkAdQUGEQ
@SamsulSamsul-tz2ym,Mantap,comment,4,0,8 months ago,False,False,Ternyata Inilah Ciri-ciri Firaun yang Ada Pada Pejabat Kita | KH Zainuddin MZ | Damai Indonesiaku,Ternyata Inilah Ciri-ciri Firaun yang Ada Pada Pejabat Kita | KH Zainuddin MZ | Damai Indonesiaku,KH Zainuddin MZ,POSITIF,apresiasi singkat ceramah,https://www.youtube.com/watch?v=uiTkAdQUGEQ
@Devi-e4r9s,"🎉😮🎉.    🎉😮 ,.      ,     Lkkkkkk llkkkkkkkkkkjhggfffddsddcbvcv",reply,0,0,3 months ago,False,False,Ternyata Inilah Ciri-ciri Firaun yang Ada Pada Pejabat Kita | KH Zainuddin MZ | Damai Indonesiaku,Ternyata Inilah Ciri-ciri Firaun yang Ada Pada Pejabat Kita | KH Zainuddin MZ | Damai Indonesiaku,KH Zainuddin MZ,NETRAL,komentar spam karakter acak,https://www.youtube.com/watch?v=uiTkAdQUGEQ
@Devi-e4r9s,"🎉😮🎉.    🎉😮 ,.      ,     Lkkkkkk llkkkkkkkkkkjhggfffddsddcbvcv",reply,0,0,3 months ago,False,False,Ternyata Inilah Ciri-ciri Firaun yang Ada Pada Pejabat Kita | KH Zainuddin MZ | Damai Indonesiaku,Ternyata Inilah Ciri-ciri Firaun yang Ada Pada Pejabat Kita | KH Zainuddin MZ | Damai Indonesiaku,KH Zainuddin MZ,NETRAL,komentar spam karakter acak,https://www.youtube.com/watch?v=uiTkAdQUGEQ
@Devi-e4r9s,"🎉😮🎉.    🎉😮 ,.      ,     Lkkkkkk llkkkkkkkkkkjhggfffddsddcbvcv",reply,0,0,3 months ago,False,False,Ternyata Inilah Ciri-ciri Firaun yang Ada Pada Pejabat Kita | KH Zainuddin MZ | Damai Indonesiaku,Ternyata Inilah Ciri-ciri Firaun yang Ada Pada Pejabat Kita | KH Zainuddin MZ | Damai Indonesiaku,KH Zainuddin MZ,NETRAL,komentar spam karakter acak,https://www.youtube.com/watch?v=uiTkAdQUGEQ
@Devi-e4r9s,😅🎉,reply,0,0,3 months ago,False,False,Ternyata Inilah Ciri-ciri Firaun yang Ada Pada Pejabat Kita | KH Zainuddin MZ | Damai Indonesiaku,Ternyata Inilah Ciri-ciri Firaun yang Ada Pada Pejabat Kita | KH Zainuddin MZ | Damai Indonesiaku,KH Zainuddin MZ,NETRAL,komentar emoji tanpa konteks,https://www.youtube.com/watch?v=uiTkAdQUGEQ
@RudyYuwono-d1d,Kayaknya kamu ahli agama kok berubah jadi ahli penghujat....jangan menghujat biar yg penting ngga merugikan kamu... ALLAH SWT LEBIH MENGETAHUI APA YG DILAKUKAN UMATNYA,reply,0,0,7 months ago,False,False,Ternyata Inilah Ciri-ciri Firaun yang Ada Pada Pejabat Kita | KH Zainuddin MZ | Damai Indonesiaku,Ternyata Inilah Ciri-ciri Firaun yang Ada Pada Pejabat Kita | KH Zainuddin MZ | Damai Indonesiaku,KH Zainuddin MZ,NEGATIF,teguran agar tidak menghujat sesama Muslim,https://www.youtube.com/watch?v=uiTkAdQUGEQ
@taufikleonn0774,Aamiin,reply,0,0,2 days ago,False,False,Ternyata Inilah Ciri-ciri Firaun yang Ada Pada Pejabat Kita | KH Zainuddin MZ | Damai Indonesiaku,Ternyata Inilah Ciri-ciri Firaun yang Ada Pada Pejabat Kita | KH Zainuddin MZ | Damai Indonesiaku,KH Zainuddin MZ,POSITIF,ungkapan amin,https://www.youtube.com/watch?v=uiTkAdQUGEQ
@edisulaiman4437,Ter bukti ceramah nya😘,comment,3,0,8 months ago,False,False,Ternyata Inilah Ciri-ciri Firaun yang Ada Pada Pejabat Kita | KH Zainuddin MZ | Damai Indonesiaku,Ternyata Inilah Ciri-ciri Firaun yang Ada Pada Pejabat Kita | KH Zainuddin MZ | Damai Indonesiaku,KH Zainuddin MZ,POSITIF,ceramah terbukti relevan,https://www.youtube.com/watch?v=uiTkAdQUGEQ
@rahmaditeguh6900,Haa Haa Betul Pak Kiai,comment,5,0,8 months ago,False,False,Ternyata Inilah Ciri-ciri Firaun yang Ada Pada Pejabat Kita | KH Zainuddin MZ | Damai Indonesiaku,Ternyata Inilah Ciri-ciri Firaun yang Ada Pada Pejabat Kita | KH Zainuddin MZ | Damai Indonesiaku,KH Zainuddin MZ,POSITIF,setuju dengan ceramah pak kyai,https://www.youtube.com/watch?v=uiTkAdQUGEQ
@rahmaditeguh6900,Biarlah Allah Swt Yang Akan Menghukum Pejabat Korupsi Uang Rakyat Miskin Ya Allah Swt,comment,1,0,8 months ago,False,False,Ternyata Inilah Ciri-ciri Firaun yang Ada Pada Pejabat Kita | KH Zainuddin MZ | Damai Indonesiaku,Ternyata Inilah Ciri-ciri Firaun yang Ada Pada Pejabat Kita | KH Zainuddin MZ | Damai Indonesiaku,KH Zainuddin MZ,NEGATIF,doa azab bagi pejabat korupsi uang rakyat,https://www.youtube.com/watch?v=uiTkAdQUGEQ
@MuliadiAlsaidi,Syukur Alhamdulillah tausiah almahum pa Kiai Hi Zainuddin MZ 🙏,comment,6,0,8 months ago,False,False,Ternyata Inilah Ciri-ciri Firaun yang Ada Pada Pejabat Kita | KH Zainuddin MZ | Damai Indonesiaku,Ternyata Inilah Ciri-ciri Firaun yang Ada Pada Pejabat Kita | KH Zainuddin MZ | Damai Indonesiaku,KH Zainuddin MZ,POSITIF,syukur masih bisa dengar ceramah almarhum,https://www.youtube.com/watch?v=uiTkAdQUGEQ
@ibrahimmustapa2137,Alfatihah buat Almarhum Bapak Kiyai  Hi Zainudin Mz,comment,3,1,8 months ago,False,False,Ternyata Inilah Ciri-ciri Firaun yang Ada Pada Pejabat Kita | KH Zainuddin MZ | Damai Indonesiaku,Ternyata Inilah Ciri-ciri Firaun yang Ada Pada Pejabat Kita | KH Zainuddin MZ | Damai Indonesiaku,KH Zainuddin MZ,POSITIF,doa alfatihah untuk almarhum,https://www.youtube.com/watch?v=uiTkAdQUGEQ
@herrybwi4550,FAKTA NOW,comment,3,0,8 months ago,False,False,Ternyata Inilah Ciri-ciri Firaun yang Ada Pada Pejabat Kita | KH Zainuddin MZ | Damai Indonesiaku,Ternyata Inilah Ciri-ciri Firaun yang Ada Pada Pejabat Kita | KH Zainuddin MZ | Damai Indonesiaku,KH Zainuddin MZ,POSITIF,fakta ceramah terbukti nyata kini,https://www.youtube.com/watch?v=uiTkAdQUGEQ
@Tomopawiro,Masa Alloh kok sama zaman sekarang,comment,3,0,8 months ago,False,False,Ternyata Inilah Ciri-ciri Firaun yang Ada Pada Pejabat Kita | KH Zainuddin MZ | Damai Indonesiaku,Ternyata Inilah Ciri-ciri Firaun yang Ada Pada Pejabat Kita | KH Zainuddin MZ | Damai Indonesiaku,KH Zainuddin MZ,POSITIF,ceramah relevan dengan kondisi masa kini,https://www.youtube.com/watch?v=uiTkAdQUGEQ
@alipranoto2313,Masya Allah Lusr Biasa Tauziah na.. Al Fatikah teruntuk Alm. KH ZAINUDDIN MZ.. Yaa Betul Fir'aun dan Qorun 11 - 12 aja.. Bagi Mereka Tiada yg Harem.. Semua Halalan Toyiban.. Astagfirullah.. Naudzubillah.,comment,11,2,8 months ago,False,False,Ternyata Inilah Ciri-ciri Firaun yang Ada Pada Pejabat Kita | KH Zainuddin MZ | Damai Indonesiaku,Ternyata Inilah Ciri-ciri Firaun yang Ada Pada Pejabat Kita | KH Zainuddin MZ | Damai Indonesiaku,KH Zainuddin MZ,POSITIF,"ceramah almarhum masya Allah, doa alfatihah",https://www.youtube.com/watch?v=uiTkAdQUGEQ
@chanel348,"Bismillah bismillah bismillahirrohmaanirrohiim Allohu akbar Allohu akbar Allohu akbar Allohu akbar Allohu akbar Allohu akbar Allohu akbar ya Alloh engkau Maha kuasa atas segalanya tunjukanlah kebenaran keadilan kejujuran dan beriman, azablah pemimpin dan pejabat zolim korupsi yang menyakiti hati rakyat dan berikan kami pemimpin dan pejabat amanah jujur adil beriman aamiin aamiin aamiin ya robbal alaamiin allohuma sholli ala sayyidina Muhammad waala Ali sayyidina Muhammad Allohu akbar Allohu akbar Allohu akbar Allohu akbar Allohu akbar Allohu akbar Allohu akbar, ya Alloh satukan Indonesia melawan pemimpin negara pejabat negara yang zolimmenyakiti menyengsarakan rakyatn aamiin aamiin ya robbal alaamiin allohuma sholli ala sayyidina Muhammad waala Ali sayyidina Muhammad",reply,0,0,8 months ago,False,False,Ternyata Inilah Ciri-ciri Firaun yang Ada Pada Pejabat Kita | KH Zainuddin MZ | Damai Indonesiaku,Ternyata Inilah Ciri-ciri Firaun yang Ada Pada Pejabat Kita | KH Zainuddin MZ | Damai Indonesiaku,KH Zainuddin MZ,POSITIF,doa panjang untuk pemimpin amanah dan jujur,https://www.youtube.com/watch?v=uiTkAdQUGEQ
@Afrizal-q8g,2:22 2:28 2:51,reply,0,0,8 months ago,False,False,Ternyata Inilah Ciri-ciri Firaun yang Ada Pada Pejabat Kita | KH Zainuddin MZ | Damai Indonesiaku,Ternyata Inilah Ciri-ciri Firaun yang Ada Pada Pejabat Kita | KH Zainuddin MZ | Damai Indonesiaku,KH Zainuddin MZ,NETRAL,timestamp komentar tidak relevan,https://www.youtube.com/watch?v=uiTkAdQUGEQ
@chanel348,"Bismillah bismillah bismillahirrohmaanirrohiim Allohu akbar Allohu akbar Allohu akbar Allohu akbar Allohu akbar Allohu akbar Allohu akbar ya Alloh engkau Maha kuasa atas segalanya tunjukanlah kebenaran keadilan kejujuran dan beriman, azablah pemimpin dan pejabat zolim korupsi yang menyakiti hati rakyat dan berikan kami pemimpin dan pejabat amanah jujur adil beriman aamiin aamiin aamiin ya robbal alaamiin allohuma sholli ala sayyidina Muhammad waala Ali sayyidina Muhammad Allohu akbar Allohu akbar Allohu akbar Allohu akbar Allohu akbar Allohu akbar Allohu akbar, ya Alloh satukan Indonesia melawan pemimpin negara pejabat negara yang zolimmenyakiti menyengsarakan rakyatn aamiin aamiin ya robbal alaamiin allohuma sholli ala sayyidina Muhammad waala Ali sayyidina Muhammad",reply,0,0,8 months ago,False,False,Ternyata Inilah Ciri-ciri Firaun yang Ada Pada Pejabat Kita | KH Zainuddin MZ | Damai Indonesiaku,Ternyata Inilah Ciri-ciri Firaun yang Ada Pada Pejabat Kita | KH Zainuddin MZ | Damai Indonesiaku,KH Zainuddin MZ,POSITIF,doa panjang untuk pemimpin amanah dan jujur,https://www.youtube.com/watch?v=uiTkAdQUGEQ
@suwondowahid8407,Ndak smua pimpinan ngajak kebaikan Boss.. Ada juga yg nyuruh mark up anggaran.. Ngasih contoh korup.. Berbohong..🙄,reply,2,0,4 months ago,False,False,Ternyata Inilah Ciri-ciri Firaun yang Ada Pada Pejabat Kita | KH Zainuddin MZ | Damai Indonesiaku,Ternyata Inilah Ciri-ciri Firaun yang Ada Pada Pejabat Kita | KH Zainuddin MZ | Damai Indonesiaku,KH Zainuddin MZ,NEGATIF,kritik tidak semua pemimpin mengajak kebaikan,https://www.youtube.com/watch?v=uiTkAdQUGEQ
@fardanazila81,"​ @suwondowahid8407 btl bgt.di kampungku kadus ga permah ngasih contoh yg lebih baik. Lingkungan kotor di biarkan ,lha rumahnya saja kebersihannya kurang.keagamaan juga ga pernah ikut andil dlm pengajian apapun. Jika ditegur jwbnya siap...siap trs.",reply,1,0,4 months ago,False,False,Ternyata Inilah Ciri-ciri Firaun yang Ada Pada Pejabat Kita | KH Zainuddin MZ | Damai Indonesiaku,Ternyata Inilah Ciri-ciri Firaun yang Ada Pada Pejabat Kita | KH Zainuddin MZ | Damai Indonesiaku,KH Zainuddin MZ,NEGATIF,kritik korupsi dan pemimpin buruk di kampung,https://www.youtube.com/watch?v=uiTkAdQUGEQ
@eddysulaeman-v2f,​ @suwondowahid8407 korup berjamaah,reply,0,0,2 months ago,False,False,Ternyata Inilah Ciri-ciri Firaun yang Ada Pada Pejabat Kita | KH Zainuddin MZ | Damai Indonesiaku,Ternyata Inilah Ciri-ciri Firaun yang Ada Pada Pejabat Kita | KH Zainuddin MZ | Damai Indonesiaku,KH Zainuddin MZ,NEGATIF,sindiran korupsi berjamaah,https://www.youtube.com/watch?v=uiTkAdQUGEQ
@KuatRiyadi-yy1ze,"Lugu banget komennya, apa ga pernah piknik.",reply,2,0,3 months ago,False,False,Ternyata Inilah Ciri-ciri Firaun yang Ada Pada Pejabat Kita | KH Zainuddin MZ | Damai Indonesiaku,Ternyata Inilah Ciri-ciri Firaun yang Ada Pada Pejabat Kita | KH Zainuddin MZ | Damai Indonesiaku,KH Zainuddin MZ,NEGATIF,sindiran komentator yang tidak berpengalaman,https://www.youtube.com/watch?v=uiTkAdQUGEQ
@UmiArsyi-b3u,​ @KuatRiyadi-yy1ze otak nya yg nggk pernah piknik 😂😂😂,reply,1,0,3 months ago,False,False,Ternyata Inilah Ciri-ciri Firaun yang Ada Pada Pejabat Kita | KH Zainuddin MZ | Damai Indonesiaku,Ternyata Inilah Ciri-ciri Firaun yang Ada Pada Pejabat Kita | KH Zainuddin MZ | Damai Indonesiaku,KH Zainuddin MZ,NEGATIF,balas sindiran soal piknik,https://www.youtube.com/watch?v=uiTkAdQUGEQ
@sumisumini8447,99999999999999999999999999999999999999999999999999999999999999999999999999999999999999,reply,0,0,4 months ago,False,False,Ternyata Inilah Ciri-ciri Firaun yang Ada Pada Pejabat Kita | KH Zainuddin MZ | Damai Indonesiaku,Ternyata Inilah Ciri-ciri Firaun yang Ada Pada Pejabat Kita | KH Zainuddin MZ | Damai Indonesiaku,KH Zainuddin MZ,NETRAL,komentar spam angka,https://www.youtube.com/watch?v=uiTkAdQUGEQ
@Hermansyah-cz3zt,Sekarang itu bnyk org munafik,reply,0,0,4 months ago,False,False,Ternyata Inilah Ciri-ciri Firaun yang Ada Pada Pejabat Kita | KH Zainuddin MZ | Damai Indonesiaku,Ternyata Inilah Ciri-ciri Firaun yang Ada Pada Pejabat Kita | KH Zainuddin MZ | Damai Indonesiaku,KH Zainuddin MZ,NEGATIF,kritik banyak munafik di masa kini,https://www.youtube.com/watch?v=uiTkAdQUGEQ
@bundakarwati4518,pejabat yg mengajak baik itu  adanya cuma saat pemilihannn,reply,0,0,3 months ago,False,False,Ternyata Inilah Ciri-ciri Firaun yang Ada Pada Pejabat Kita | KH Zainuddin MZ | Damai Indonesiaku,Ternyata Inilah Ciri-ciri Firaun yang Ada Pada Pejabat Kita | KH Zainuddin MZ | Damai Indonesiaku,KH Zainuddin MZ,NEGATIF,pejabat baik hanya saat pemilihan,https://www.youtube.com/watch?v=uiTkAdQUGEQ
@syafasaputri6137,Ini yg komentar pny ilmu apa sih atau ilmunya apa yaa kok bisa bgini yaa bertanya nya...😂😂😂bisa bngt yaa ngaji mas ngajiii...,reply,0,0,3 months ago,False,False,Ternyata Inilah Ciri-ciri Firaun yang Ada Pada Pejabat Kita | KH Zainuddin MZ | Damai Indonesiaku,Ternyata Inilah Ciri-ciri Firaun yang Ada Pada Pejabat Kita | KH Zainuddin MZ | Damai Indonesiaku,KH Zainuddin MZ,NEGATIF,sindiran terhadap penanya yang dianggap tidak berilmu,https://www.youtube.com/watch?v=uiTkAdQUGEQ
@Nunu-o9i8f,Assalamualaikum mohon tanggapan dari pemimpin jujur dan amanah sebap yg nyata sekarang ini yg jujur dan pemimpin amanah dilengser karna menutupi kebenaran sejarah dan membela munafikun korun da,reply,0,0,3 months ago,False,False,Ternyata Inilah Ciri-ciri Firaun yang Ada Pada Pejabat Kita | KH Zainuddin MZ | Damai Indonesiaku,Ternyata Inilah Ciri-ciri Firaun yang Ada Pada Pejabat Kita | KH Zainuddin MZ | Damai Indonesiaku,KH Zainuddin MZ,NEGATIF,kritik pemimpin jujur dilengser karena membela kebenaran,https://www.youtube.com/watch?v=uiTkAdQUGEQ
@djoyo_sk,Buktikan dong... jangan cuma BACOT DOANK,reply,0,0,8 months ago,False,False,Ternyata Inilah Ciri-ciri Firaun yang Ada Pada Pejabat Kita | KH Zainuddin MZ | Damai Indonesiaku,Ternyata Inilah Ciri-ciri Firaun yang Ada Pada Pejabat Kita | KH Zainuddin MZ | Damai Indonesiaku,KH Zainuddin MZ,NEGATIF,tantangan agar membuktikan pernyataan,https://www.youtube.com/watch?v=uiTkAdQUGEQ
@Nunu-o9i8f,Assalamualaikum mohon tanggapan dari pemimpin jujur dan amanah sebap yg nyata sekarang ini yg jujur dan pemimpin amanah dilengser karna menutupi kebenaran sejarah dan membela munafikun korun da,reply,0,0,3 months ago,False,False,Ternyata Inilah Ciri-ciri Firaun yang Ada Pada Pejabat Kita | KH Zainuddin MZ | Damai Indonesiaku,Ternyata Inilah Ciri-ciri Firaun yang Ada Pada Pejabat Kita | KH Zainuddin MZ | Damai Indonesiaku,KH Zainuddin MZ,NEGATIF,kritik pemimpin jujur dilengser,https://www.youtube.com/watch?v=uiTkAdQUGEQ
@Nunu-o9i8f,"Jadi bongkar saja. Kn waktu tuk menutupi mejahatan demokrasi yg menyengsarakan keadilan kebenaran dan menimbulkan perpecahan,amar makruf nahil mungkar, sudah cukup rakyat jadi budak demokrasi pemimpin munafik yg menyengsarakan dan jika diam PKI pun bisa bangkit dari bumi Pertiwi tercinta,penegak hukum juga sudah TDK benar KPD yg baik dan jujur,kejam yg tersimpan dihati yg terluka selama ini hanya pasrah,",reply,0,0,3 months ago,False,False,Ternyata Inilah Ciri-ciri Firaun yang Ada Pada Pejabat Kita | KH Zainuddin MZ | Damai Indonesiaku,Ternyata Inilah Ciri-ciri Firaun yang Ada Pada Pejabat Kita | KH Zainuddin MZ | Damai Indonesiaku,KH Zainuddin MZ,NEGATIF,seruan membongkar kejahatan demokrasi munafik,https://www.youtube.com/watch?v=uiTkAdQUGEQ
@fahrulirvanzohani6520,😂😂😂😂,reply,0,0,3 weeks ago,False,False,Ternyata Inilah Ciri-ciri Firaun yang Ada Pada Pejabat Kita | KH Zainuddin MZ | Damai Indonesiaku,Ternyata Inilah Ciri-ciri Firaun yang Ada Pada Pejabat Kita | KH Zainuddin MZ | Damai Indonesiaku,KH Zainuddin MZ,NETRAL,komentar emoji tawa tanpa konteks,https://www.youtube.com/watch?v=uiTkAdQUGEQ
@Hermanto-y7w,"Selagi presidenya sperti Jokowi dan Bowo, sampai kiamat pun negara ini tambah rusak",reply,0,0,7 days ago,False,False,Ternyata Inilah Ciri-ciri Firaun yang Ada Pada Pejabat Kita | KH Zainuddin MZ | Damai Indonesiaku,Ternyata Inilah Ciri-ciri Firaun yang Ada Pada Pejabat Kita | KH Zainuddin MZ | Damai Indonesiaku,KH Zainuddin MZ,NEGATIF,kritik presiden Jokowi dan Prabowo,https://www.youtube.com/watch?v=uiTkAdQUGEQ
@420com,Ya Ndak tau,reply,0,0,5 days ago,False,False,Ternyata Inilah Ciri-ciri Firaun yang Ada Pada Pejabat Kita | KH Zainuddin MZ | Damai Indonesiaku,Ternyata Inilah Ciri-ciri Firaun yang Ada Pada Pejabat Kita | KH Zainuddin MZ | Damai Indonesiaku,KH Zainuddin MZ,NETRAL,komentar pasif tanpa konteks,https://www.youtube.com/watch?v=uiTkAdQUGEQ
